REGION_CLASS	REGION_MEMBER	USED_MEMBER	USED_CLASS	SOURCE_TYPE
org.alfresco.query.CannedQueryParameters	CannedQueryParameters(java.lang.Object)	DEFAULT_TOTAL_COUNT_MAX	org.alfresco.query.CannedQueryParameters	SOURCE
org.alfresco.query.CannedQueryParameters	CannedQueryParameters(java.lang.Object,int,int,java.lang.String)	DEFAULT_PAGE_NUMBER	org.alfresco.query.CannedQueryPageDetails	SOURCE
org.alfresco.query.CannedQueryParameters	CannedQueryParameters(java.lang.Object,int,int,java.lang.String)	DEFAULT_PAGE_COUNT	org.alfresco.query.CannedQueryPageDetails	SOURCE
org.alfresco.query.CannedQueryParameters	CannedQueryParameters(java.lang.Object,int,int,java.lang.String)	DEFAULT_TOTAL_COUNT_MAX	org.alfresco.query.CannedQueryParameters	SOURCE
org.alfresco.query.CannedQueryParameters	CannedQueryParameters(java.lang.Object,org.alfresco.query.CannedQueryPageDetails,org.alfresco.query.CannedQuerySortDetails)	DEFAULT_TOTAL_COUNT_MAX	org.alfresco.query.CannedQueryParameters	SOURCE
org.alfresco.query.CannedQueryParameters	CannedQueryParameters(java.lang.Object,org.alfresco.query.CannedQueryPageDetails,org.alfresco.query.CannedQuerySortDetails,int,java.lang.String)	parameterBean	org.alfresco.query.CannedQueryParameters	SOURCE
org.alfresco.query.CannedQueryParameters	CannedQueryParameters(java.lang.Object,org.alfresco.query.CannedQueryPageDetails,org.alfresco.query.CannedQuerySortDetails,int,java.lang.String)	this	org.alfresco.query.CannedQueryParameters	SOURCE
org.alfresco.query.CannedQueryParameters	CannedQueryParameters(java.lang.Object,org.alfresco.query.CannedQueryPageDetails,org.alfresco.query.CannedQuerySortDetails,int,java.lang.String)	pageDetails	org.alfresco.query.CannedQueryParameters	SOURCE
org.alfresco.query.CannedQueryParameters	CannedQueryParameters(java.lang.Object,org.alfresco.query.CannedQueryPageDetails,org.alfresco.query.CannedQuerySortDetails,int,java.lang.String)	this	org.alfresco.query.CannedQueryParameters	SOURCE
org.alfresco.query.CannedQueryParameters	CannedQueryParameters(java.lang.Object,org.alfresco.query.CannedQueryPageDetails,org.alfresco.query.CannedQuerySortDetails,int,java.lang.String)	sortDetails	org.alfresco.query.CannedQueryParameters	SOURCE
org.alfresco.query.CannedQueryParameters	CannedQueryParameters(java.lang.Object,org.alfresco.query.CannedQueryPageDetails,org.alfresco.query.CannedQuerySortDetails,int,java.lang.String)	this	org.alfresco.query.CannedQueryParameters	SOURCE
org.alfresco.query.CannedQueryParameters	CannedQueryParameters(java.lang.Object,org.alfresco.query.CannedQueryPageDetails,org.alfresco.query.CannedQuerySortDetails,int,java.lang.String)	totalResultCountMax	org.alfresco.query.CannedQueryParameters	SOURCE
org.alfresco.query.CannedQueryParameters	CannedQueryParameters(java.lang.Object,org.alfresco.query.CannedQueryPageDetails,org.alfresco.query.CannedQuerySortDetails,int,java.lang.String)	this	org.alfresco.query.CannedQueryParameters	SOURCE
org.alfresco.query.CannedQueryParameters	CannedQueryParameters(java.lang.Object,org.alfresco.query.CannedQueryPageDetails,org.alfresco.query.CannedQuerySortDetails,int,java.lang.String)	queryExecutionId	org.alfresco.query.CannedQueryParameters	SOURCE
org.alfresco.query.CannedQueryParameters	CannedQueryParameters(java.lang.Object,org.alfresco.query.CannedQueryPageDetails,org.alfresco.query.CannedQuerySortDetails,int,java.lang.String)	this	org.alfresco.query.CannedQueryParameters	SOURCE
org.alfresco.query.CannedQueryParameters	toString()	parameterBean	org.alfresco.query.CannedQueryParameters	SOURCE
org.alfresco.query.CannedQueryParameters	toString()	pageDetails	org.alfresco.query.CannedQueryParameters	SOURCE
org.alfresco.query.CannedQueryParameters	toString()	sortDetails	org.alfresco.query.CannedQueryParameters	SOURCE
org.alfresco.query.CannedQueryParameters	toString()	totalResultCountMax	org.alfresco.query.CannedQueryParameters	SOURCE
org.alfresco.query.CannedQueryParameters	toString()	queryExecutionId	org.alfresco.query.CannedQueryParameters	SOURCE
org.alfresco.query.CannedQueryParameters	getQueryExecutionId()	queryExecutionId	org.alfresco.query.CannedQueryParameters	SOURCE
org.alfresco.query.CannedQueryParameters	getSortDetails()	sortDetails	org.alfresco.query.CannedQueryParameters	SOURCE
org.alfresco.query.CannedQueryParameters	getPageDetails()	pageDetails	org.alfresco.query.CannedQueryParameters	SOURCE
org.alfresco.query.CannedQueryParameters	getTotalResultCountMax()	totalResultCountMax	org.alfresco.query.CannedQueryParameters	SOURCE
org.alfresco.query.CannedQueryParameters	getResultsRequired()	pageDetails	org.alfresco.query.CannedQueryParameters	SOURCE
org.alfresco.query.CannedQueryParameters	getResultsRequired()	MAX_VALUE	java.lang.Integer	SOURCE
org.alfresco.query.CannedQueryParameters	getResultsRequired()	totalResultCountMax	org.alfresco.query.CannedQueryParameters	SOURCE
org.alfresco.query.CannedQueryParameters	getParameterBean()	parameterBean	org.alfresco.query.CannedQueryParameters	SOURCE
org.alfresco.util.Pair	nullPair()	NULL_PAIR	org.alfresco.util.Pair	SOURCE
org.alfresco.util.Pair	Pair(F,S)	first	org.alfresco.util.Pair	SOURCE
org.alfresco.util.Pair	Pair(F,S)	this	org.alfresco.util.Pair	SOURCE
org.alfresco.util.Pair	Pair(F,S)	second	org.alfresco.util.Pair	SOURCE
org.alfresco.util.Pair	Pair(F,S)	this	org.alfresco.util.Pair	SOURCE
org.alfresco.util.Pair	getFirst()	first	org.alfresco.util.Pair	SOURCE
org.alfresco.util.Pair	getSecond()	second	org.alfresco.util.Pair	SOURCE
org.alfresco.util.Pair	setFirst(F)	first	org.alfresco.util.Pair	SOURCE
org.alfresco.util.Pair	setFirst(F)	this	org.alfresco.util.Pair	SOURCE
org.alfresco.util.Pair	setSecond(S)	second	org.alfresco.util.Pair	SOURCE
org.alfresco.util.Pair	setSecond(S)	this	org.alfresco.util.Pair	SOURCE
org.alfresco.util.Pair	equals(java.lang.Object)	this	org.alfresco.util.Pair	SOURCE
org.alfresco.util.Pair	equals(java.lang.Object)	first	org.alfresco.util.Pair	SOURCE
org.alfresco.util.Pair	equals(java.lang.Object)	this	org.alfresco.util.Pair	SOURCE
org.alfresco.util.Pair	equals(java.lang.Object)	first	org.alfresco.util.Pair	SOURCE
org.alfresco.util.Pair	equals(java.lang.Object)	second	org.alfresco.util.Pair	SOURCE
org.alfresco.util.Pair	equals(java.lang.Object)	this	org.alfresco.util.Pair	SOURCE
org.alfresco.util.Pair	equals(java.lang.Object)	second	org.alfresco.util.Pair	SOURCE
org.alfresco.util.Pair	hashCode()	first	org.alfresco.util.Pair	SOURCE
org.alfresco.util.Pair	hashCode()	first	org.alfresco.util.Pair	SOURCE
org.alfresco.util.Pair	hashCode()	second	org.alfresco.util.Pair	SOURCE
org.alfresco.util.Pair	hashCode()	second	org.alfresco.util.Pair	SOURCE
org.alfresco.util.Pair	toString()	first	org.alfresco.util.Pair	SOURCE
org.alfresco.util.Pair	toString()	second	org.alfresco.util.Pair	SOURCE
org.alfresco.util.Pair	readObject(java.io.ObjectInputStream)	first	org.alfresco.util.Pair	SOURCE
org.alfresco.util.Pair	readObject(java.io.ObjectInputStream)	this	org.alfresco.util.Pair	SOURCE
org.alfresco.util.Pair	readObject(java.io.ObjectInputStream)	second	org.alfresco.util.Pair	SOURCE
org.alfresco.util.Pair	readObject(java.io.ObjectInputStream)	this	org.alfresco.util.Pair	SOURCE
org.alfresco.util.Pair	readObject(java.io.ObjectInputStream)	first	org.alfresco.util.Pair	SOURCE
org.alfresco.util.Pair	readObject(java.io.ObjectInputStream)	this	org.alfresco.util.Pair	SOURCE
org.alfresco.util.Pair	readObject(java.io.ObjectInputStream)	second	org.alfresco.util.Pair	SOURCE
org.alfresco.util.Pair	readObject(java.io.ObjectInputStream)	this	org.alfresco.util.Pair	SOURCE
org.alfresco.query.CannedQueryPageDetails	DEFAULT_PAGE_SIZE	MAX_VALUE	java.lang.Integer	SOURCE
org.alfresco.query.CannedQueryPageDetails	DEFAULT_PAGE_SIZE	MAX_VALUE	java.lang.Integer	SOURCE
org.alfresco.query.CannedQueryPageDetails	CannedQueryPageDetails()	DEFAULT_SKIP_RESULTS	org.alfresco.query.CannedQueryPageDetails	SOURCE
org.alfresco.query.CannedQueryPageDetails	CannedQueryPageDetails()	DEFAULT_PAGE_SIZE	org.alfresco.query.CannedQueryPageDetails	SOURCE
org.alfresco.query.CannedQueryPageDetails	CannedQueryPageDetails()	DEFAULT_PAGE_NUMBER	org.alfresco.query.CannedQueryPageDetails	SOURCE
org.alfresco.query.CannedQueryPageDetails	CannedQueryPageDetails()	DEFAULT_PAGE_COUNT	org.alfresco.query.CannedQueryPageDetails	SOURCE
org.alfresco.query.CannedQueryPageDetails	CannedQueryPageDetails(int,int)	DEFAULT_PAGE_NUMBER	org.alfresco.query.CannedQueryPageDetails	SOURCE
org.alfresco.query.CannedQueryPageDetails	CannedQueryPageDetails(int,int)	DEFAULT_PAGE_COUNT	org.alfresco.query.CannedQueryPageDetails	SOURCE
org.alfresco.query.CannedQueryPageDetails	CannedQueryPageDetails(int,int,int,int)	skipResults	org.alfresco.query.CannedQueryPageDetails	SOURCE
org.alfresco.query.CannedQueryPageDetails	CannedQueryPageDetails(int,int,int,int)	this	org.alfresco.query.CannedQueryPageDetails	SOURCE
org.alfresco.query.CannedQueryPageDetails	CannedQueryPageDetails(int,int,int,int)	pageSize	org.alfresco.query.CannedQueryPageDetails	SOURCE
org.alfresco.query.CannedQueryPageDetails	CannedQueryPageDetails(int,int,int,int)	this	org.alfresco.query.CannedQueryPageDetails	SOURCE
org.alfresco.query.CannedQueryPageDetails	CannedQueryPageDetails(int,int,int,int)	pageNumber	org.alfresco.query.CannedQueryPageDetails	SOURCE
org.alfresco.query.CannedQueryPageDetails	CannedQueryPageDetails(int,int,int,int)	this	org.alfresco.query.CannedQueryPageDetails	SOURCE
org.alfresco.query.CannedQueryPageDetails	CannedQueryPageDetails(int,int,int,int)	pageCount	org.alfresco.query.CannedQueryPageDetails	SOURCE
org.alfresco.query.CannedQueryPageDetails	CannedQueryPageDetails(int,int,int,int)	this	org.alfresco.query.CannedQueryPageDetails	SOURCE
org.alfresco.query.CannedQueryPageDetails	toString()	skipResults	org.alfresco.query.CannedQueryPageDetails	SOURCE
org.alfresco.query.CannedQueryPageDetails	toString()	pageSize	org.alfresco.query.CannedQueryPageDetails	SOURCE
org.alfresco.query.CannedQueryPageDetails	toString()	pageCount	org.alfresco.query.CannedQueryPageDetails	SOURCE
org.alfresco.query.CannedQueryPageDetails	toString()	pageNumber	org.alfresco.query.CannedQueryPageDetails	SOURCE
org.alfresco.query.CannedQueryPageDetails	getSkipResults()	skipResults	org.alfresco.query.CannedQueryPageDetails	SOURCE
org.alfresco.query.CannedQueryPageDetails	getPageSize()	pageSize	org.alfresco.query.CannedQueryPageDetails	SOURCE
org.alfresco.query.CannedQueryPageDetails	getPageNumber()	pageNumber	org.alfresco.query.CannedQueryPageDetails	SOURCE
org.alfresco.query.CannedQueryPageDetails	getPageCount()	pageCount	org.alfresco.query.CannedQueryPageDetails	SOURCE
org.alfresco.query.CannedQueryPageDetails	getResultsRequiredForPaging()	skipResults	org.alfresco.query.CannedQueryPageDetails	SOURCE
org.alfresco.query.CannedQueryPageDetails	getResultsRequiredForPaging()	pageCount	org.alfresco.query.CannedQueryPageDetails	SOURCE
org.alfresco.query.CannedQueryPageDetails	getResultsRequiredForPaging()	pageSize	org.alfresco.query.CannedQueryPageDetails	SOURCE
org.alfresco.query.CannedQueryPageDetails	getResultsRequiredForPaging()	MAX_VALUE	java.lang.Integer	SOURCE
org.alfresco.query.CannedQuerySortDetails	CannedQuerySortDetails(org.alfresco.util.Pair[])	sortPairs	org.alfresco.query.CannedQuerySortDetails	SOURCE
org.alfresco.query.CannedQuerySortDetails	CannedQuerySortDetails(org.alfresco.util.Pair[])	this	org.alfresco.query.CannedQuerySortDetails	SOURCE
org.alfresco.query.CannedQuerySortDetails	CannedQuerySortDetails(java.util.List)	sortPairs	org.alfresco.query.CannedQuerySortDetails	SOURCE
org.alfresco.query.CannedQuerySortDetails	CannedQuerySortDetails(java.util.List)	this	org.alfresco.query.CannedQuerySortDetails	SOURCE
org.alfresco.query.CannedQuerySortDetails	toString()	sortPairs	org.alfresco.query.CannedQuerySortDetails	SOURCE
org.alfresco.query.CannedQuerySortDetails	getSortPairs()	sortPairs	org.alfresco.query.CannedQuerySortDetails	SOURCE
org.alfresco.query.PagingRequest	skipCount	DEFAULT_SKIP_RESULTS	org.alfresco.query.CannedQueryPageDetails	SOURCE
org.alfresco.query.PagingRequest	skipCount	DEFAULT_SKIP_RESULTS	org.alfresco.query.CannedQueryPageDetails	SOURCE
org.alfresco.query.PagingRequest	PagingRequest(int)	maxItems	org.alfresco.query.PagingRequest	SOURCE
org.alfresco.query.PagingRequest	PagingRequest(int)	this	org.alfresco.query.PagingRequest	SOURCE
org.alfresco.query.PagingRequest	PagingRequest(int,int)	skipCount	org.alfresco.query.PagingRequest	SOURCE
org.alfresco.query.PagingRequest	PagingRequest(int,int)	this	org.alfresco.query.PagingRequest	SOURCE
org.alfresco.query.PagingRequest	PagingRequest(int,int)	maxItems	org.alfresco.query.PagingRequest	SOURCE
org.alfresco.query.PagingRequest	PagingRequest(int,int)	this	org.alfresco.query.PagingRequest	SOURCE
org.alfresco.query.PagingRequest	PagingRequest(int,java.lang.String)	queryExecutionId	org.alfresco.query.PagingRequest	SOURCE
org.alfresco.query.PagingRequest	PagingRequest(int,java.lang.String)	this	org.alfresco.query.PagingRequest	SOURCE
org.alfresco.query.PagingRequest	PagingRequest(int,int,java.lang.String)	queryExecutionId	org.alfresco.query.PagingRequest	SOURCE
org.alfresco.query.PagingRequest	PagingRequest(int,int,java.lang.String)	this	org.alfresco.query.PagingRequest	SOURCE
org.alfresco.query.PagingRequest	getSkipCount()	skipCount	org.alfresco.query.PagingRequest	SOURCE
org.alfresco.query.PagingRequest	setSkipCount(int)	skipCount	org.alfresco.query.PagingRequest	SOURCE
org.alfresco.query.PagingRequest	setSkipCount(int)	this	org.alfresco.query.PagingRequest	SOURCE
org.alfresco.query.PagingRequest	setSkipCount(int)	DEFAULT_SKIP_RESULTS	org.alfresco.query.CannedQueryPageDetails	SOURCE
org.alfresco.query.PagingRequest	getMaxItems()	maxItems	org.alfresco.query.PagingRequest	SOURCE
org.alfresco.query.PagingRequest	setMaxItems(int)	maxItems	org.alfresco.query.PagingRequest	SOURCE
org.alfresco.query.PagingRequest	setMaxItems(int)	this	org.alfresco.query.PagingRequest	SOURCE
org.alfresco.query.PagingRequest	setMaxItems(int)	DEFAULT_PAGE_SIZE	org.alfresco.query.CannedQueryPageDetails	SOURCE
org.alfresco.query.PagingRequest	getRequestTotalCountMax()	requestTotalCountMax	org.alfresco.query.PagingRequest	SOURCE
org.alfresco.query.PagingRequest	setRequestTotalCountMax(int)	requestTotalCountMax	org.alfresco.query.PagingRequest	SOURCE
org.alfresco.query.PagingRequest	setRequestTotalCountMax(int)	this	org.alfresco.query.PagingRequest	SOURCE
org.alfresco.query.PagingRequest	getQueryExecutionId()	queryExecutionId	org.alfresco.query.PagingRequest	SOURCE
org.alfresco.query.PagingRequest	setQueryExecutionId(java.lang.String)	queryExecutionId	org.alfresco.query.PagingRequest	SOURCE
org.alfresco.query.PagingRequest	setQueryExecutionId(java.lang.String)	this	org.alfresco.query.PagingRequest	SOURCE
org.alfresco.encryption.KeyStoreParameters	KeyStoreParameters(java.lang.String,java.lang.String,java.lang.String,java.lang.String,java.lang.String,java.lang.String)	id	org.alfresco.encryption.KeyStoreParameters	SOURCE
org.alfresco.encryption.KeyStoreParameters	KeyStoreParameters(java.lang.String,java.lang.String,java.lang.String,java.lang.String,java.lang.String,java.lang.String)	this	org.alfresco.encryption.KeyStoreParameters	SOURCE
org.alfresco.encryption.KeyStoreParameters	KeyStoreParameters(java.lang.String,java.lang.String,java.lang.String,java.lang.String,java.lang.String)	name	org.alfresco.encryption.KeyStoreParameters	SOURCE
org.alfresco.encryption.KeyStoreParameters	KeyStoreParameters(java.lang.String,java.lang.String,java.lang.String,java.lang.String,java.lang.String)	this	org.alfresco.encryption.KeyStoreParameters	SOURCE
org.alfresco.encryption.KeyStoreParameters	KeyStoreParameters(java.lang.String,java.lang.String,java.lang.String,java.lang.String,java.lang.String)	type	org.alfresco.encryption.KeyStoreParameters	SOURCE
org.alfresco.encryption.KeyStoreParameters	KeyStoreParameters(java.lang.String,java.lang.String,java.lang.String,java.lang.String,java.lang.String)	this	org.alfresco.encryption.KeyStoreParameters	SOURCE
org.alfresco.encryption.KeyStoreParameters	KeyStoreParameters(java.lang.String,java.lang.String,java.lang.String,java.lang.String,java.lang.String)	provider	org.alfresco.encryption.KeyStoreParameters	SOURCE
org.alfresco.encryption.KeyStoreParameters	KeyStoreParameters(java.lang.String,java.lang.String,java.lang.String,java.lang.String,java.lang.String)	this	org.alfresco.encryption.KeyStoreParameters	SOURCE
org.alfresco.encryption.KeyStoreParameters	KeyStoreParameters(java.lang.String,java.lang.String,java.lang.String,java.lang.String,java.lang.String)	keyMetaDataFileLocation	org.alfresco.encryption.KeyStoreParameters	SOURCE
org.alfresco.encryption.KeyStoreParameters	KeyStoreParameters(java.lang.String,java.lang.String,java.lang.String,java.lang.String,java.lang.String)	this	org.alfresco.encryption.KeyStoreParameters	SOURCE
org.alfresco.encryption.KeyStoreParameters	KeyStoreParameters(java.lang.String,java.lang.String,java.lang.String,java.lang.String,java.lang.String)	location	org.alfresco.encryption.KeyStoreParameters	SOURCE
org.alfresco.encryption.KeyStoreParameters	KeyStoreParameters(java.lang.String,java.lang.String,java.lang.String,java.lang.String,java.lang.String)	this	org.alfresco.encryption.KeyStoreParameters	SOURCE
org.alfresco.encryption.KeyStoreParameters	getId()	id	org.alfresco.encryption.KeyStoreParameters	SOURCE
org.alfresco.encryption.KeyStoreParameters	getName()	name	org.alfresco.encryption.KeyStoreParameters	SOURCE
org.alfresco.encryption.KeyStoreParameters	getType()	type	org.alfresco.encryption.KeyStoreParameters	SOURCE
org.alfresco.encryption.KeyStoreParameters	getProvider()	provider	org.alfresco.encryption.KeyStoreParameters	SOURCE
org.alfresco.encryption.KeyStoreParameters	getKeyMetaDataFileLocation()	keyMetaDataFileLocation	org.alfresco.encryption.KeyStoreParameters	SOURCE
org.alfresco.encryption.KeyStoreParameters	getLocation()	location	org.alfresco.encryption.KeyStoreParameters	SOURCE
org.alfresco.encryption.KeyStoreParameters	setId(java.lang.String)	id	org.alfresco.encryption.KeyStoreParameters	SOURCE
org.alfresco.encryption.KeyStoreParameters	setId(java.lang.String)	this	org.alfresco.encryption.KeyStoreParameters	SOURCE
org.alfresco.encryption.KeyStoreParameters	setName(java.lang.String)	name	org.alfresco.encryption.KeyStoreParameters	SOURCE
org.alfresco.encryption.KeyStoreParameters	setName(java.lang.String)	this	org.alfresco.encryption.KeyStoreParameters	SOURCE
org.alfresco.encryption.KeyStoreParameters	setType(java.lang.String)	type	org.alfresco.encryption.KeyStoreParameters	SOURCE
org.alfresco.encryption.KeyStoreParameters	setType(java.lang.String)	this	org.alfresco.encryption.KeyStoreParameters	SOURCE
org.alfresco.encryption.KeyStoreParameters	setProvider(java.lang.String)	provider	org.alfresco.encryption.KeyStoreParameters	SOURCE
org.alfresco.encryption.KeyStoreParameters	setProvider(java.lang.String)	this	org.alfresco.encryption.KeyStoreParameters	SOURCE
org.alfresco.encryption.KeyStoreParameters	setKeyMetaDataFileLocation(java.lang.String)	keyMetaDataFileLocation	org.alfresco.encryption.KeyStoreParameters	SOURCE
org.alfresco.encryption.KeyStoreParameters	setKeyMetaDataFileLocation(java.lang.String)	this	org.alfresco.encryption.KeyStoreParameters	SOURCE
org.alfresco.encryption.KeyStoreParameters	setLocation(java.lang.String)	location	org.alfresco.encryption.KeyStoreParameters	SOURCE
org.alfresco.encryption.KeyStoreParameters	setLocation(java.lang.String)	this	org.alfresco.encryption.KeyStoreParameters	SOURCE
org.alfresco.encryption.MissingKeyException	getKeyAlias()	keyAlias	org.alfresco.encryption.MissingKeyException	SOURCE
org.alfresco.encryption.MissingKeyException	getKeyStoreLocation()	keyStoreLocation	org.alfresco.encryption.MissingKeyException	SOURCE
org.alfresco.util.log.NDC	class	class	org.alfresco.util.log.NDC	SOURCE
org.alfresco.util.log.NDC	logger	logger	org.alfresco.util.log.NDC	SOURCE
org.alfresco.util.log.NDC	ndcDelegate	ndcDelegate	org.alfresco.util.log.NDC	SOURCE
org.alfresco.util.log.NDC	push(java.lang.String)	ndcDelegate	org.alfresco.util.log.NDC	SOURCE
org.alfresco.util.log.NDC	push(java.lang.String)	ndcDelegate	org.alfresco.util.log.NDC	SOURCE
org.alfresco.util.log.NDC	remove()	ndcDelegate	org.alfresco.util.log.NDC	SOURCE
org.alfresco.util.log.NDC	remove()	ndcDelegate	org.alfresco.util.log.NDC	SOURCE
org.alfresco.query.AbstractCannedQuery	AbstractCannedQuery(org.alfresco.query.CannedQueryParameters)	parameters	org.alfresco.query.AbstractCannedQuery	SOURCE
org.alfresco.query.AbstractCannedQuery	AbstractCannedQuery(org.alfresco.query.CannedQueryParameters)	this	org.alfresco.query.AbstractCannedQuery	SOURCE
org.alfresco.query.AbstractCannedQuery	AbstractCannedQuery(org.alfresco.query.CannedQueryParameters)	queryExecutionId	org.alfresco.query.AbstractCannedQuery	SOURCE
org.alfresco.query.AbstractCannedQuery	AbstractCannedQuery(org.alfresco.query.CannedQueryParameters)	this	org.alfresco.query.AbstractCannedQuery	SOURCE
org.alfresco.query.AbstractCannedQuery	getParameters()	parameters	org.alfresco.query.AbstractCannedQuery	SOURCE
org.alfresco.query.AbstractCannedQuery	toString()	parameters	org.alfresco.query.AbstractCannedQuery	SOURCE
org.alfresco.query.AbstractCannedQuery	toString()	this	org.alfresco.query.AbstractCannedQuery	SOURCE
org.alfresco.query.AbstractCannedQuery	execute()	results	org.alfresco.query.AbstractCannedQuery	SOURCE
org.alfresco.query.AbstractCannedQuery	execute()	parameters	org.alfresco.query.AbstractCannedQuery	SOURCE
org.alfresco.query.AbstractCannedQuery	execute()	parameters	org.alfresco.query.AbstractCannedQuery	SOURCE
org.alfresco.query.AbstractCannedQuery	execute()	parameters	org.alfresco.query.AbstractCannedQuery	SOURCE
org.alfresco.query.AbstractCannedQuery	execute()	parameters	org.alfresco.query.AbstractCannedQuery	SOURCE
org.alfresco.query.AbstractCannedQuery	execute()	results	org.alfresco.query.AbstractCannedQuery	SOURCE
org.alfresco.query.AbstractCannedQuery$1	getOriginatingQuery()	this	org.alfresco.query.AbstractCannedQuery	SOURCE
org.alfresco.query.AbstractCannedQuery$1	getQueryExecutionId()	queryExecutionId	org.alfresco.query.AbstractCannedQuery	SOURCE
org.alfresco.query.AbstractCannedQuery$1	getTotalResultCount()	parameters	org.alfresco.query.AbstractCannedQuery	SOURCE
org.alfresco.query.AbstractCannedQuery	execute()	results	org.alfresco.query.AbstractCannedQuery	SOURCE
org.alfresco.util.PatternFilter	setPatterns(java.util.List)	patterns	org.alfresco.util.PatternFilter	SOURCE
org.alfresco.util.PatternFilter	setPatterns(java.util.List)	this	org.alfresco.util.PatternFilter	SOURCE
org.alfresco.util.PatternFilter	setPatterns(java.util.List)	patterns	org.alfresco.util.PatternFilter	SOURCE
org.alfresco.util.PatternFilter	setPatterns(java.util.List)	this	org.alfresco.util.PatternFilter	SOURCE
org.alfresco.util.PatternFilter	isFiltered(java.lang.String)	patterns	org.alfresco.util.PatternFilter	SOURCE
org.alfresco.util.Triple	Triple(T,U,V)	first	org.alfresco.util.Triple	SOURCE
org.alfresco.util.Triple	Triple(T,U,V)	this	org.alfresco.util.Triple	SOURCE
org.alfresco.util.Triple	Triple(T,U,V)	second	org.alfresco.util.Triple	SOURCE
org.alfresco.util.Triple	Triple(T,U,V)	this	org.alfresco.util.Triple	SOURCE
org.alfresco.util.Triple	Triple(T,U,V)	third	org.alfresco.util.Triple	SOURCE
org.alfresco.util.Triple	Triple(T,U,V)	this	org.alfresco.util.Triple	SOURCE
org.alfresco.util.Triple	getFirst()	first	org.alfresco.util.Triple	SOURCE
org.alfresco.util.Triple	getSecond()	second	org.alfresco.util.Triple	SOURCE
org.alfresco.util.Triple	getThird()	third	org.alfresco.util.Triple	SOURCE
org.alfresco.util.Triple	equals(java.lang.Object)	this	org.alfresco.util.Triple	SOURCE
org.alfresco.util.Triple	equals(java.lang.Object)	first	org.alfresco.util.Triple	SOURCE
org.alfresco.util.Triple	equals(java.lang.Object)	second	org.alfresco.util.Triple	SOURCE
org.alfresco.util.Triple	equals(java.lang.Object)	third	org.alfresco.util.Triple	SOURCE
org.alfresco.util.Triple	hashCode()	first	org.alfresco.util.Triple	SOURCE
org.alfresco.util.Triple	hashCode()	first	org.alfresco.util.Triple	SOURCE
org.alfresco.util.Triple	hashCode()	second	org.alfresco.util.Triple	SOURCE
org.alfresco.util.Triple	hashCode()	second	org.alfresco.util.Triple	SOURCE
org.alfresco.util.Triple	hashCode()	third	org.alfresco.util.Triple	SOURCE
org.alfresco.util.Triple	hashCode()	third	org.alfresco.util.Triple	SOURCE
org.alfresco.util.Triple	toString()	first	org.alfresco.util.Triple	SOURCE
org.alfresco.util.Triple	toString()	second	org.alfresco.util.Triple	SOURCE
org.alfresco.util.Triple	toString()	third	org.alfresco.util.Triple	SOURCE
org.alfresco.httpclient.HttpClient4Factory	createSSLContext(org.alfresco.httpclient.HttpClientConfig)	TLS_PROTOCOL	org.alfresco.httpclient.HttpClient4Factory	SOURCE
org.alfresco.httpclient.HttpClient4Factory	createHttpClient(org.alfresco.httpclient.HttpClientConfig,org.apache.http.conn.HttpClientConnectionManager)	HTTP_TARGET_HOST	org.alfresco.httpclient.HttpClient4Factory	SOURCE
org.alfresco.httpclient.HttpClient4Factory	createHttpClient(org.alfresco.httpclient.HttpClientConfig,org.apache.http.conn.HttpClientConnectionManager)	HTTPS_PROTOCOL	org.alfresco.httpclient.HttpClient4Factory	SOURCE
org.alfresco.httpclient.HttpClient4Factory	getSslConnectionSocketFactory(org.alfresco.httpclient.HttpClientConfig)	TLS_V_1_2	org.alfresco.httpclient.HttpClient4Factory	SOURCE
org.alfresco.httpclient.HttpClient4Factory	getSslConnectionSocketFactory(org.alfresco.httpclient.HttpClientConfig)	TLS_V_1_3	org.alfresco.httpclient.HttpClient4Factory	SOURCE
org.alfresco.httpclient.HttpClientConfig	class	class	org.alfresco.httpclient.HttpClientConfig	SOURCE
org.alfresco.httpclient.HttpClientConfig	setProperties(java.util.Properties)	properties	org.alfresco.httpclient.HttpClientConfig	SOURCE
org.alfresco.httpclient.HttpClientConfig	setProperties(java.util.Properties)	this	org.alfresco.httpclient.HttpClientConfig	SOURCE
org.alfresco.httpclient.HttpClientConfig	setServiceName(java.lang.String)	serviceName	org.alfresco.httpclient.HttpClientConfig	SOURCE
org.alfresco.httpclient.HttpClientConfig	setServiceName(java.lang.String)	this	org.alfresco.httpclient.HttpClientConfig	SOURCE
org.alfresco.httpclient.HttpClientConfig	setSslEncryptionParameters(org.alfresco.encryption.ssl.SSLEncryptionParameters)	sslEncryptionParameters	org.alfresco.httpclient.HttpClientConfig	SOURCE
org.alfresco.httpclient.HttpClientConfig	setSslEncryptionParameters(org.alfresco.encryption.ssl.SSLEncryptionParameters)	this	org.alfresco.httpclient.HttpClientConfig	SOURCE
org.alfresco.httpclient.HttpClientConfig	setKeyResourceLoader(org.alfresco.encryption.KeyResourceLoader)	keyResourceLoader	org.alfresco.httpclient.HttpClientConfig	SOURCE
org.alfresco.httpclient.HttpClientConfig	setKeyResourceLoader(org.alfresco.encryption.KeyResourceLoader)	this	org.alfresco.httpclient.HttpClientConfig	SOURCE
org.alfresco.httpclient.HttpClientConfig	getKeyStore()	keyStore	org.alfresco.httpclient.HttpClientConfig	SOURCE
org.alfresco.httpclient.HttpClientConfig	getTrustStore()	trustStore	org.alfresco.httpclient.HttpClientConfig	SOURCE
org.alfresco.httpclient.HttpClientConfig	init()	keyStore	org.alfresco.httpclient.HttpClientConfig	SOURCE
org.alfresco.httpclient.HttpClientConfig	init()	this	org.alfresco.httpclient.HttpClientConfig	SOURCE
org.alfresco.httpclient.HttpClientConfig	init()	sslEncryptionParameters	org.alfresco.httpclient.HttpClientConfig	SOURCE
org.alfresco.httpclient.HttpClientConfig	init()	keyResourceLoader	org.alfresco.httpclient.HttpClientConfig	SOURCE
org.alfresco.httpclient.HttpClientConfig	init()	trustStore	org.alfresco.httpclient.HttpClientConfig	SOURCE
org.alfresco.httpclient.HttpClientConfig	init()	this	org.alfresco.httpclient.HttpClientConfig	SOURCE
org.alfresco.httpclient.HttpClientConfig	init()	sslEncryptionParameters	org.alfresco.httpclient.HttpClientConfig	SOURCE
org.alfresco.httpclient.HttpClientConfig	init()	keyResourceLoader	org.alfresco.httpclient.HttpClientConfig	SOURCE
org.alfresco.httpclient.HttpClientConfig	init()	config	org.alfresco.httpclient.HttpClientConfig	SOURCE
org.alfresco.httpclient.HttpClientConfig	init()	serviceName	org.alfresco.httpclient.HttpClientConfig	SOURCE
org.alfresco.httpclient.HttpClientConfig	init()	config	org.alfresco.httpclient.HttpClientConfig	SOURCE
org.alfresco.httpclient.HttpClientConfig	retrieveConfig(java.lang.String)	properties	org.alfresco.httpclient.HttpClientConfig	SOURCE
org.alfresco.httpclient.HttpClientConfig	retrieveConfig(java.lang.String)	HTTPCLIENT_CONFIG	org.alfresco.httpclient.HttpClientConfig	SOURCE
org.alfresco.httpclient.HttpClientConfig	retrieveConfig(java.lang.String)	HTTPCLIENT_CONFIG	org.alfresco.httpclient.HttpClientConfig	SOURCE
org.alfresco.httpclient.HttpClientConfig	retrieveConfig(java.lang.String)	properties	org.alfresco.httpclient.HttpClientConfig	SOURCE
org.alfresco.httpclient.HttpClientConfig	checkUnsupportedProperties(java.util.Map)	LOGGER	org.alfresco.httpclient.HttpClientConfig	SOURCE
org.alfresco.httpclient.HttpClientConfig	checkUnsupportedProperties(java.util.Map)	serviceName	org.alfresco.httpclient.HttpClientConfig	SOURCE
org.alfresco.httpclient.HttpClientConfig	extractValueFromConfig(org.alfresco.httpclient.HttpClientConfig.HttpClientPropertiesEnum)	config	org.alfresco.httpclient.HttpClientConfig	SOURCE
org.alfresco.httpclient.HttpClientConfig	extractValueFromConfig(org.alfresco.httpclient.HttpClientConfig.HttpClientPropertiesEnum)	name	org.alfresco.httpclient.HttpClientConfig$HttpClientPropertiesEnum	SOURCE
org.alfresco.httpclient.HttpClientConfig	extractValueFromConfig(org.alfresco.httpclient.HttpClientConfig.HttpClientPropertiesEnum)	isRequired	org.alfresco.httpclient.HttpClientConfig$HttpClientPropertiesEnum	SOURCE
org.alfresco.httpclient.HttpClientConfig	extractValueFromConfig(org.alfresco.httpclient.HttpClientConfig.HttpClientPropertiesEnum)	name	org.alfresco.httpclient.HttpClientConfig$HttpClientPropertiesEnum	SOURCE
org.alfresco.httpclient.HttpClientConfig$HttpClientPropertiesEnum	HttpClientPropertiesEnum(java.lang.String,java.lang.Boolean)	name	org.alfresco.httpclient.HttpClientConfig$HttpClientPropertiesEnum	SOURCE
org.alfresco.httpclient.HttpClientConfig$HttpClientPropertiesEnum	HttpClientPropertiesEnum(java.lang.String,java.lang.Boolean)	this	org.alfresco.httpclient.HttpClientConfig$HttpClientPropertiesEnum	SOURCE
org.alfresco.httpclient.HttpClientConfig$HttpClientPropertiesEnum	HttpClientPropertiesEnum(java.lang.String,java.lang.Boolean)	isRequired	org.alfresco.httpclient.HttpClientConfig$HttpClientPropertiesEnum	SOURCE
org.alfresco.httpclient.HttpClientConfig$HttpClientPropertiesEnum	HttpClientPropertiesEnum(java.lang.String,java.lang.Boolean)	this	org.alfresco.httpclient.HttpClientConfig$HttpClientPropertiesEnum	SOURCE
org.alfresco.httpclient.HttpClientConfig$HttpClientPropertiesEnum	supportedProperties	supportedProperties	org.alfresco.httpclient.HttpClientConfig$HttpClientPropertiesEnum	SOURCE
org.alfresco.httpclient.HttpClientConfig$HttpClientPropertiesEnum	name	name	org.alfresco.httpclient.HttpClientConfig$HttpClientPropertiesEnum	SOURCE
org.alfresco.httpclient.HttpClientConfig$HttpClientPropertiesEnum	isPropertyNameSupported(java.lang.String)	supportedProperties	org.alfresco.httpclient.HttpClientConfig$HttpClientPropertiesEnum	SOURCE
org.alfresco.encryption.ssl.SSLEncryptionParameters	SSLEncryptionParameters(org.alfresco.encryption.KeyStoreParameters,org.alfresco.encryption.KeyStoreParameters)	keyStoreParameters	org.alfresco.encryption.ssl.SSLEncryptionParameters	SOURCE
org.alfresco.encryption.ssl.SSLEncryptionParameters	SSLEncryptionParameters(org.alfresco.encryption.KeyStoreParameters,org.alfresco.encryption.KeyStoreParameters)	this	org.alfresco.encryption.ssl.SSLEncryptionParameters	SOURCE
org.alfresco.encryption.ssl.SSLEncryptionParameters	SSLEncryptionParameters(org.alfresco.encryption.KeyStoreParameters,org.alfresco.encryption.KeyStoreParameters)	trustStoreParameters	org.alfresco.encryption.ssl.SSLEncryptionParameters	SOURCE
org.alfresco.encryption.ssl.SSLEncryptionParameters	SSLEncryptionParameters(org.alfresco.encryption.KeyStoreParameters,org.alfresco.encryption.KeyStoreParameters)	this	org.alfresco.encryption.ssl.SSLEncryptionParameters	SOURCE
org.alfresco.encryption.ssl.SSLEncryptionParameters	getKeyStoreParameters()	keyStoreParameters	org.alfresco.encryption.ssl.SSLEncryptionParameters	SOURCE
org.alfresco.encryption.ssl.SSLEncryptionParameters	getTrustStoreParameters()	trustStoreParameters	org.alfresco.encryption.ssl.SSLEncryptionParameters	SOURCE
org.alfresco.encryption.ssl.SSLEncryptionParameters	setKeyStoreParameters(org.alfresco.encryption.KeyStoreParameters)	keyStoreParameters	org.alfresco.encryption.ssl.SSLEncryptionParameters	SOURCE
org.alfresco.encryption.ssl.SSLEncryptionParameters	setKeyStoreParameters(org.alfresco.encryption.KeyStoreParameters)	this	org.alfresco.encryption.ssl.SSLEncryptionParameters	SOURCE
org.alfresco.encryption.ssl.SSLEncryptionParameters	setTrustStoreParameters(org.alfresco.encryption.KeyStoreParameters)	trustStoreParameters	org.alfresco.encryption.ssl.SSLEncryptionParameters	SOURCE
org.alfresco.encryption.ssl.SSLEncryptionParameters	setTrustStoreParameters(org.alfresco.encryption.KeyStoreParameters)	this	org.alfresco.encryption.ssl.SSLEncryptionParameters	SOURCE
org.alfresco.util.exec.RuntimeExec	class	class	org.alfresco.util.exec.RuntimeExec	SOURCE
org.alfresco.util.exec.RuntimeExec	RuntimeExec()	charset	org.alfresco.util.exec.RuntimeExec	SOURCE
org.alfresco.util.exec.RuntimeExec	RuntimeExec()	this	org.alfresco.util.exec.RuntimeExec	SOURCE
org.alfresco.util.exec.RuntimeExec	RuntimeExec()	waitForCompletion	org.alfresco.util.exec.RuntimeExec	SOURCE
org.alfresco.util.exec.RuntimeExec	RuntimeExec()	this	org.alfresco.util.exec.RuntimeExec	SOURCE
org.alfresco.util.exec.RuntimeExec	RuntimeExec()	defaultProperties	org.alfresco.util.exec.RuntimeExec	SOURCE
org.alfresco.util.exec.RuntimeExec	RuntimeExec()	processProperties	org.alfresco.util.exec.RuntimeExec	SOURCE
org.alfresco.util.exec.RuntimeExec	RuntimeExec()	processDirectory	org.alfresco.util.exec.RuntimeExec	SOURCE
org.alfresco.util.exec.RuntimeExec	RuntimeExec()	errCodes	org.alfresco.util.exec.RuntimeExec	SOURCE
org.alfresco.util.exec.RuntimeExec	RuntimeExec()	this	org.alfresco.util.exec.RuntimeExec	SOURCE
org.alfresco.util.exec.RuntimeExec	RuntimeExec()	errCodes	org.alfresco.util.exec.RuntimeExec	SOURCE
org.alfresco.util.exec.RuntimeExec	RuntimeExec()	errCodes	org.alfresco.util.exec.RuntimeExec	SOURCE
org.alfresco.util.exec.RuntimeExec	toString()	command	org.alfresco.util.exec.RuntimeExec	SOURCE
org.alfresco.util.exec.RuntimeExec	toString()	command	org.alfresco.util.exec.RuntimeExec	SOURCE
org.alfresco.util.exec.RuntimeExec	toString()	processProperties	org.alfresco.util.exec.RuntimeExec	SOURCE
org.alfresco.util.exec.RuntimeExec	toString()	processDirectory	org.alfresco.util.exec.RuntimeExec	SOURCE
org.alfresco.util.exec.RuntimeExec	toString()	KEY_OS_NAME	org.alfresco.util.exec.RuntimeExec	SOURCE
org.alfresco.util.exec.RuntimeExec	setCommand(java.lang.String[])	command	org.alfresco.util.exec.RuntimeExec	SOURCE
org.alfresco.util.exec.RuntimeExec	setCommand(java.lang.String[])	this	org.alfresco.util.exec.RuntimeExec	SOURCE
org.alfresco.util.exec.RuntimeExec	setCharset(java.lang.String)	charset	org.alfresco.util.exec.RuntimeExec	SOURCE
org.alfresco.util.exec.RuntimeExec	setCharset(java.lang.String)	this	org.alfresco.util.exec.RuntimeExec	SOURCE
org.alfresco.util.exec.RuntimeExec	setWaitForCompletion(boolean)	waitForCompletion	org.alfresco.util.exec.RuntimeExec	SOURCE
org.alfresco.util.exec.RuntimeExec	setWaitForCompletion(boolean)	this	org.alfresco.util.exec.RuntimeExec	SOURCE
org.alfresco.util.exec.RuntimeExec	setCommandsAndArguments(java.util.Map)	KEY_OS_NAME	org.alfresco.util.exec.RuntimeExec	SOURCE
org.alfresco.util.exec.RuntimeExec	setCommandsAndArguments(java.util.Map)	KEY_OS_DEFAULT	org.alfresco.util.exec.RuntimeExec	SOURCE
org.alfresco.util.exec.RuntimeExec	setCommandsAndArguments(java.util.Map)	KEY_OS_DEFAULT	org.alfresco.util.exec.RuntimeExec	SOURCE
org.alfresco.util.exec.RuntimeExec	setCommandsAndArguments(java.util.Map)	KEY_OS_DEFAULT	org.alfresco.util.exec.RuntimeExec	SOURCE
org.alfresco.util.exec.RuntimeExec	setCommandsAndArguments(java.util.Map)	command	org.alfresco.util.exec.RuntimeExec	SOURCE
org.alfresco.util.exec.RuntimeExec	setCommandsAndArguments(java.util.Map)	this	org.alfresco.util.exec.RuntimeExec	SOURCE
org.alfresco.util.exec.RuntimeExec	setCommandMap(java.util.Map)	logger	org.alfresco.util.exec.RuntimeExec	SOURCE
org.alfresco.util.exec.RuntimeExec	setCommandMap(java.util.Map)	length	Array	SOURCE
org.alfresco.util.exec.RuntimeExec	setDefaultProperties(java.util.Map)	defaultProperties	org.alfresco.util.exec.RuntimeExec	SOURCE
org.alfresco.util.exec.RuntimeExec	setDefaultProperties(java.util.Map)	this	org.alfresco.util.exec.RuntimeExec	SOURCE
org.alfresco.util.exec.RuntimeExec	setProcessProperties(java.util.Map)	VAR_OPEN	org.alfresco.util.exec.RuntimeExec	SOURCE
org.alfresco.util.exec.RuntimeExec	setProcessProperties(java.util.Map)	VAR_CLOSE	org.alfresco.util.exec.RuntimeExec	SOURCE
org.alfresco.util.exec.RuntimeExec	setProcessProperties(java.util.Map)	VAR_OPEN	org.alfresco.util.exec.RuntimeExec	SOURCE
org.alfresco.util.exec.RuntimeExec	setProcessProperties(java.util.Map)	VAR_CLOSE	org.alfresco.util.exec.RuntimeExec	SOURCE
org.alfresco.util.exec.RuntimeExec	setProcessProperties(java.util.Map)	pathSeparator	java.io.File	SOURCE
org.alfresco.util.exec.RuntimeExec	setProcessProperties(java.util.Map)	processProperties	org.alfresco.util.exec.RuntimeExec	SOURCE
org.alfresco.util.exec.RuntimeExec	setProcessProperties(java.util.Map)	this	org.alfresco.util.exec.RuntimeExec	SOURCE
org.alfresco.util.exec.RuntimeExec	setProcessProperty(java.lang.String,java.lang.String)	processProperties	org.alfresco.util.exec.RuntimeExec	SOURCE
org.alfresco.util.exec.RuntimeExec	setProcessProperty(java.lang.String,java.lang.String)	this	org.alfresco.util.exec.RuntimeExec	SOURCE
org.alfresco.util.exec.RuntimeExec	setProcessProperty(java.lang.String,java.lang.String)	processProperties	org.alfresco.util.exec.RuntimeExec	SOURCE
org.alfresco.util.exec.RuntimeExec	setProcessProperty(java.lang.String,java.lang.String)	processProperties	org.alfresco.util.exec.RuntimeExec	SOURCE
org.alfresco.util.exec.RuntimeExec	setProcessProperty(java.lang.String,java.lang.String)	this	org.alfresco.util.exec.RuntimeExec	SOURCE
org.alfresco.util.exec.RuntimeExec	setProcessProperty(java.lang.String,java.lang.String)	length	Array	SOURCE
org.alfresco.util.exec.RuntimeExec	setProcessProperty(java.lang.String,java.lang.String)	length	Array	SOURCE
org.alfresco.util.exec.RuntimeExec	setProcessProperty(java.lang.String,java.lang.String)	processProperties	org.alfresco.util.exec.RuntimeExec	SOURCE
org.alfresco.util.exec.RuntimeExec	setProcessProperty(java.lang.String,java.lang.String)	this	org.alfresco.util.exec.RuntimeExec	SOURCE
org.alfresco.util.exec.RuntimeExec	setProcessDirectory(java.lang.String)	VAR_OPEN	org.alfresco.util.exec.RuntimeExec	SOURCE
org.alfresco.util.exec.RuntimeExec	setProcessDirectory(java.lang.String)	VAR_CLOSE	org.alfresco.util.exec.RuntimeExec	SOURCE
org.alfresco.util.exec.RuntimeExec	setProcessDirectory(java.lang.String)	processDirectory	org.alfresco.util.exec.RuntimeExec	SOURCE
org.alfresco.util.exec.RuntimeExec	setProcessDirectory(java.lang.String)	this	org.alfresco.util.exec.RuntimeExec	SOURCE
org.alfresco.util.exec.RuntimeExec	setProcessDirectory(java.lang.String)	processDirectory	org.alfresco.util.exec.RuntimeExec	SOURCE
org.alfresco.util.exec.RuntimeExec	setProcessDirectory(java.lang.String)	this	org.alfresco.util.exec.RuntimeExec	SOURCE
org.alfresco.util.exec.RuntimeExec	setProcessDirectory(java.lang.String)	processDirectory	org.alfresco.util.exec.RuntimeExec	SOURCE
org.alfresco.util.exec.RuntimeExec	setProcessDirectory(java.lang.String)	this	org.alfresco.util.exec.RuntimeExec	SOURCE
org.alfresco.util.exec.RuntimeExec	setProcessDirectory(java.lang.String)	logger	org.alfresco.util.exec.RuntimeExec	SOURCE
org.alfresco.util.exec.RuntimeExec	setProcessDirectory(java.lang.String)	this	org.alfresco.util.exec.RuntimeExec	SOURCE
org.alfresco.util.exec.RuntimeExec	setErrorCodes(java.lang.String)	errCodes	org.alfresco.util.exec.RuntimeExec	SOURCE
org.alfresco.util.exec.RuntimeExec	setErrorCodes(java.lang.String)	errCodes	org.alfresco.util.exec.RuntimeExec	SOURCE
org.alfresco.util.exec.RuntimeExec	setErrorCodes(java.lang.String)	this	org.alfresco.util.exec.RuntimeExec	SOURCE
org.alfresco.util.exec.RuntimeExec	execute()	defaultProperties	org.alfresco.util.exec.RuntimeExec	SOURCE
org.alfresco.util.exec.RuntimeExec	execute(java.util.Map,long)	errCodes	org.alfresco.util.exec.RuntimeExec	SOURCE
org.alfresco.util.exec.RuntimeExec	execute(java.util.Map,long)	errCodes	org.alfresco.util.exec.RuntimeExec	SOURCE
org.alfresco.util.exec.RuntimeExec	execute(java.util.Map,long)	command	org.alfresco.util.exec.RuntimeExec	SOURCE
org.alfresco.util.exec.RuntimeExec	execute(java.util.Map,long)	this	org.alfresco.util.exec.RuntimeExec	SOURCE
org.alfresco.util.exec.RuntimeExec	execute(java.util.Map,long)	processProperties	org.alfresco.util.exec.RuntimeExec	SOURCE
org.alfresco.util.exec.RuntimeExec	execute(java.util.Map,long)	processDirectory	org.alfresco.util.exec.RuntimeExec	SOURCE
org.alfresco.util.exec.RuntimeExec	execute(java.util.Map,long)	timer	org.alfresco.util.exec.RuntimeExec	SOURCE
org.alfresco.util.exec.RuntimeExec$1	run()	transformerDebugLogger	org.alfresco.util.exec.RuntimeExec	SOURCE
org.alfresco.util.exec.RuntimeExec$1	run()	transformerDebugLogger	org.alfresco.util.exec.RuntimeExec	SOURCE
org.alfresco.util.exec.RuntimeExec	execute(java.util.Map,long)	errCodes	org.alfresco.util.exec.RuntimeExec	SOURCE
org.alfresco.util.exec.RuntimeExec	execute(java.util.Map,long)	charset	org.alfresco.util.exec.RuntimeExec	SOURCE
org.alfresco.util.exec.RuntimeExec	execute(java.util.Map,long)	charset	org.alfresco.util.exec.RuntimeExec	SOURCE
org.alfresco.util.exec.RuntimeExec	execute(java.util.Map,long)	waitForCompletion	org.alfresco.util.exec.RuntimeExec	SOURCE
org.alfresco.util.exec.RuntimeExec	execute(java.util.Map,long)	waitForCompletion	org.alfresco.util.exec.RuntimeExec	SOURCE
org.alfresco.util.exec.RuntimeExec	execute(java.util.Map,long)	errCodes	org.alfresco.util.exec.RuntimeExec	SOURCE
org.alfresco.util.exec.RuntimeExec	logFullEnvironmentDump(org.alfresco.util.exec.RuntimeExec.ExecutionResult)	logger	org.alfresco.util.exec.RuntimeExec	SOURCE
org.alfresco.util.exec.RuntimeExec	logFullEnvironmentDump(org.alfresco.util.exec.RuntimeExec.ExecutionResult)	processProperties	org.alfresco.util.exec.RuntimeExec	SOURCE
org.alfresco.util.exec.RuntimeExec	logFullEnvironmentDump(org.alfresco.util.exec.RuntimeExec.ExecutionResult)	length	Array	SOURCE
org.alfresco.util.exec.RuntimeExec	logFullEnvironmentDump(org.alfresco.util.exec.RuntimeExec.ExecutionResult)	processProperties	org.alfresco.util.exec.RuntimeExec	SOURCE
org.alfresco.util.exec.RuntimeExec	logFullEnvironmentDump(org.alfresco.util.exec.RuntimeExec.ExecutionResult)	length	Array	SOURCE
org.alfresco.util.exec.RuntimeExec	logFullEnvironmentDump(org.alfresco.util.exec.RuntimeExec.ExecutionResult)	processProperties	org.alfresco.util.exec.RuntimeExec	SOURCE
org.alfresco.util.exec.RuntimeExec	logFullEnvironmentDump(org.alfresco.util.exec.RuntimeExec.ExecutionResult)	processProperties	org.alfresco.util.exec.RuntimeExec	SOURCE
org.alfresco.util.exec.RuntimeExec	logFullEnvironmentDump(org.alfresco.util.exec.RuntimeExec.ExecutionResult)	logger	org.alfresco.util.exec.RuntimeExec	SOURCE
org.alfresco.util.exec.RuntimeExec	logFullEnvironmentDump(org.alfresco.util.exec.RuntimeExec.ExecutionResult)	logger	org.alfresco.util.exec.RuntimeExec	SOURCE
org.alfresco.util.exec.RuntimeExec	logFullEnvironmentDump(org.alfresco.util.exec.RuntimeExec.ExecutionResult)	logger	org.alfresco.util.exec.RuntimeExec	SOURCE
org.alfresco.util.exec.RuntimeExec	getCommand()	defaultProperties	org.alfresco.util.exec.RuntimeExec	SOURCE
org.alfresco.util.exec.RuntimeExec	getCommand(java.util.Map)	defaultProperties	org.alfresco.util.exec.RuntimeExec	SOURCE
org.alfresco.util.exec.RuntimeExec	getCommand(java.util.Map)	defaultProperties	org.alfresco.util.exec.RuntimeExec	SOURCE
org.alfresco.util.exec.RuntimeExec	getCommand(java.util.Map)	defaultProperties	org.alfresco.util.exec.RuntimeExec	SOURCE
org.alfresco.util.exec.RuntimeExec	getCommand(java.util.Map)	length	Array	SOURCE
org.alfresco.util.exec.RuntimeExec	getCommand(java.util.Map)	command	org.alfresco.util.exec.RuntimeExec	SOURCE
org.alfresco.util.exec.RuntimeExec	getCommand(java.util.Map)	command	org.alfresco.util.exec.RuntimeExec	SOURCE
org.alfresco.util.exec.RuntimeExec	getCommand(java.util.Map)	VAR_OPEN	org.alfresco.util.exec.RuntimeExec	SOURCE
org.alfresco.util.exec.RuntimeExec	getCommand(java.util.Map)	VAR_CLOSE	org.alfresco.util.exec.RuntimeExec	SOURCE
org.alfresco.util.exec.RuntimeExec	getCommand(java.util.Map)	DIRECTIVE_SPLIT	org.alfresco.util.exec.RuntimeExec	SOURCE
org.alfresco.util.exec.RuntimeExec	getCommand(java.util.Map)	DIRECTIVE_SPLIT	org.alfresco.util.exec.RuntimeExec	SOURCE
org.alfresco.util.exec.RuntimeExec$ExecutionResult	ExecutionResult(java.lang.Process,java.lang.String[],java.util.Set,int,java.lang.String,java.lang.String)	process	org.alfresco.util.exec.RuntimeExec$ExecutionResult	SOURCE
org.alfresco.util.exec.RuntimeExec$ExecutionResult	ExecutionResult(java.lang.Process,java.lang.String[],java.util.Set,int,java.lang.String,java.lang.String)	this	org.alfresco.util.exec.RuntimeExec$ExecutionResult	SOURCE
org.alfresco.util.exec.RuntimeExec$ExecutionResult	ExecutionResult(java.lang.Process,java.lang.String[],java.util.Set,int,java.lang.String,java.lang.String)	command	org.alfresco.util.exec.RuntimeExec$ExecutionResult	SOURCE
org.alfresco.util.exec.RuntimeExec$ExecutionResult	ExecutionResult(java.lang.Process,java.lang.String[],java.util.Set,int,java.lang.String,java.lang.String)	this	org.alfresco.util.exec.RuntimeExec$ExecutionResult	SOURCE
org.alfresco.util.exec.RuntimeExec$ExecutionResult	ExecutionResult(java.lang.Process,java.lang.String[],java.util.Set,int,java.lang.String,java.lang.String)	errCodes	org.alfresco.util.exec.RuntimeExec$ExecutionResult	SOURCE
org.alfresco.util.exec.RuntimeExec$ExecutionResult	ExecutionResult(java.lang.Process,java.lang.String[],java.util.Set,int,java.lang.String,java.lang.String)	this	org.alfresco.util.exec.RuntimeExec$ExecutionResult	SOURCE
org.alfresco.util.exec.RuntimeExec$ExecutionResult	ExecutionResult(java.lang.Process,java.lang.String[],java.util.Set,int,java.lang.String,java.lang.String)	exitValue	org.alfresco.util.exec.RuntimeExec$ExecutionResult	SOURCE
org.alfresco.util.exec.RuntimeExec$ExecutionResult	ExecutionResult(java.lang.Process,java.lang.String[],java.util.Set,int,java.lang.String,java.lang.String)	this	org.alfresco.util.exec.RuntimeExec$ExecutionResult	SOURCE
org.alfresco.util.exec.RuntimeExec$ExecutionResult	ExecutionResult(java.lang.Process,java.lang.String[],java.util.Set,int,java.lang.String,java.lang.String)	stdOut	org.alfresco.util.exec.RuntimeExec$ExecutionResult	SOURCE
org.alfresco.util.exec.RuntimeExec$ExecutionResult	ExecutionResult(java.lang.Process,java.lang.String[],java.util.Set,int,java.lang.String,java.lang.String)	this	org.alfresco.util.exec.RuntimeExec$ExecutionResult	SOURCE
org.alfresco.util.exec.RuntimeExec$ExecutionResult	ExecutionResult(java.lang.Process,java.lang.String[],java.util.Set,int,java.lang.String,java.lang.String)	stdErr	org.alfresco.util.exec.RuntimeExec$ExecutionResult	SOURCE
org.alfresco.util.exec.RuntimeExec$ExecutionResult	ExecutionResult(java.lang.Process,java.lang.String[],java.util.Set,int,java.lang.String,java.lang.String)	this	org.alfresco.util.exec.RuntimeExec$ExecutionResult	SOURCE
org.alfresco.util.exec.RuntimeExec$ExecutionResult	toString()	stdOut	org.alfresco.util.exec.RuntimeExec$ExecutionResult	SOURCE
org.alfresco.util.exec.RuntimeExec$ExecutionResult	toString()	stdOut	org.alfresco.util.exec.RuntimeExec$ExecutionResult	SOURCE
org.alfresco.util.exec.RuntimeExec$ExecutionResult	toString()	stdOut	org.alfresco.util.exec.RuntimeExec$ExecutionResult	SOURCE
org.alfresco.util.exec.RuntimeExec$ExecutionResult	toString()	stdErr	org.alfresco.util.exec.RuntimeExec$ExecutionResult	SOURCE
org.alfresco.util.exec.RuntimeExec$ExecutionResult	toString()	stdErr	org.alfresco.util.exec.RuntimeExec$ExecutionResult	SOURCE
org.alfresco.util.exec.RuntimeExec$ExecutionResult	toString()	stdErr	org.alfresco.util.exec.RuntimeExec$ExecutionResult	SOURCE
org.alfresco.util.exec.RuntimeExec$ExecutionResult	toString()	KEY_OS_NAME	org.alfresco.util.exec.RuntimeExec	SOURCE
org.alfresco.util.exec.RuntimeExec$ExecutionResult	toString()	command	org.alfresco.util.exec.RuntimeExec$ExecutionResult	SOURCE
org.alfresco.util.exec.RuntimeExec$ExecutionResult	toString()	exitValue	org.alfresco.util.exec.RuntimeExec$ExecutionResult	SOURCE
org.alfresco.util.exec.RuntimeExec$ExecutionResult	killProcess()	process	org.alfresco.util.exec.RuntimeExec$ExecutionResult	SOURCE
org.alfresco.util.exec.RuntimeExec$ExecutionResult	killProcess()	process	org.alfresco.util.exec.RuntimeExec$ExecutionResult	SOURCE
org.alfresco.util.exec.RuntimeExec$ExecutionResult	killProcess()	logger	org.alfresco.util.exec.RuntimeExec	SOURCE
org.alfresco.util.exec.RuntimeExec$ExecutionResult	isFailureCode(int)	errCodes	org.alfresco.util.exec.RuntimeExec$ExecutionResult	SOURCE
org.alfresco.util.exec.RuntimeExec$ExecutionResult	getSuccess()	exitValue	org.alfresco.util.exec.RuntimeExec$ExecutionResult	SOURCE
org.alfresco.util.exec.RuntimeExec$ExecutionResult	getExitValue()	exitValue	org.alfresco.util.exec.RuntimeExec$ExecutionResult	SOURCE
org.alfresco.util.exec.RuntimeExec$ExecutionResult	getStdOut()	stdOut	org.alfresco.util.exec.RuntimeExec$ExecutionResult	SOURCE
org.alfresco.util.exec.RuntimeExec$ExecutionResult	getStdErr()	stdErr	org.alfresco.util.exec.RuntimeExec$ExecutionResult	SOURCE
org.alfresco.util.exec.RuntimeExec$InputStreamReaderThread	InputStreamReaderThread(java.io.InputStream,java.nio.charset.Charset)	is	org.alfresco.util.exec.RuntimeExec$InputStreamReaderThread	SOURCE
org.alfresco.util.exec.RuntimeExec$InputStreamReaderThread	InputStreamReaderThread(java.io.InputStream,java.nio.charset.Charset)	this	org.alfresco.util.exec.RuntimeExec$InputStreamReaderThread	SOURCE
org.alfresco.util.exec.RuntimeExec$InputStreamReaderThread	InputStreamReaderThread(java.io.InputStream,java.nio.charset.Charset)	charset	org.alfresco.util.exec.RuntimeExec$InputStreamReaderThread	SOURCE
org.alfresco.util.exec.RuntimeExec$InputStreamReaderThread	InputStreamReaderThread(java.io.InputStream,java.nio.charset.Charset)	this	org.alfresco.util.exec.RuntimeExec$InputStreamReaderThread	SOURCE
org.alfresco.util.exec.RuntimeExec$InputStreamReaderThread	InputStreamReaderThread(java.io.InputStream,java.nio.charset.Charset)	buffer	org.alfresco.util.exec.RuntimeExec$InputStreamReaderThread	SOURCE
org.alfresco.util.exec.RuntimeExec$InputStreamReaderThread	InputStreamReaderThread(java.io.InputStream,java.nio.charset.Charset)	this	org.alfresco.util.exec.RuntimeExec$InputStreamReaderThread	SOURCE
org.alfresco.util.exec.RuntimeExec$InputStreamReaderThread	InputStreamReaderThread(java.io.InputStream,java.nio.charset.Charset)	BUFFER_SIZE	org.alfresco.util.exec.RuntimeExec	SOURCE
org.alfresco.util.exec.RuntimeExec$InputStreamReaderThread	InputStreamReaderThread(java.io.InputStream,java.nio.charset.Charset)	completed	org.alfresco.util.exec.RuntimeExec$InputStreamReaderThread	SOURCE
org.alfresco.util.exec.RuntimeExec$InputStreamReaderThread	InputStreamReaderThread(java.io.InputStream,java.nio.charset.Charset)	this	org.alfresco.util.exec.RuntimeExec$InputStreamReaderThread	SOURCE
org.alfresco.util.exec.RuntimeExec$InputStreamReaderThread	run()	completed	org.alfresco.util.exec.RuntimeExec$InputStreamReaderThread	SOURCE
org.alfresco.util.exec.RuntimeExec$InputStreamReaderThread	run()	BUFFER_SIZE	org.alfresco.util.exec.RuntimeExec	SOURCE
org.alfresco.util.exec.RuntimeExec$InputStreamReaderThread	run()	is	org.alfresco.util.exec.RuntimeExec$InputStreamReaderThread	SOURCE
org.alfresco.util.exec.RuntimeExec$InputStreamReaderThread	run()	BUFFER_SIZE	org.alfresco.util.exec.RuntimeExec	SOURCE
org.alfresco.util.exec.RuntimeExec$InputStreamReaderThread	run()	charset	org.alfresco.util.exec.RuntimeExec$InputStreamReaderThread	SOURCE
org.alfresco.util.exec.RuntimeExec$InputStreamReaderThread	run()	buffer	org.alfresco.util.exec.RuntimeExec$InputStreamReaderThread	SOURCE
org.alfresco.util.exec.RuntimeExec$InputStreamReaderThread	run()	completed	org.alfresco.util.exec.RuntimeExec$InputStreamReaderThread	SOURCE
org.alfresco.util.exec.RuntimeExec$InputStreamReaderThread	run()	this	org.alfresco.util.exec.RuntimeExec$InputStreamReaderThread	SOURCE
org.alfresco.util.exec.RuntimeExec$InputStreamReaderThread	waitForCompletion()	completed	org.alfresco.util.exec.RuntimeExec$InputStreamReaderThread	SOURCE
org.alfresco.util.exec.RuntimeExec$InputStreamReaderThread	waitForCompletion()	this	org.alfresco.util.exec.RuntimeExec$InputStreamReaderThread	SOURCE
org.alfresco.util.exec.RuntimeExec$InputStreamReaderThread	addToBuffer(java.lang.String)	buffer	org.alfresco.util.exec.RuntimeExec$InputStreamReaderThread	SOURCE
org.alfresco.util.exec.RuntimeExec$InputStreamReaderThread	isComplete()	completed	org.alfresco.util.exec.RuntimeExec$InputStreamReaderThread	SOURCE
org.alfresco.util.exec.RuntimeExec$InputStreamReaderThread	getBuffer()	buffer	org.alfresco.util.exec.RuntimeExec$InputStreamReaderThread	SOURCE
org.alfresco.error.StackTraceUtil	buildStackTrace(java.lang.String,java.lang.StackTraceElement[],java.lang.StringBuilder,int)	length	Array	SOURCE
org.alfresco.error.StackTraceUtil	buildStackTrace(java.lang.String,java.lang.StackTraceElement[],java.lang.StringBuilder,int)	length	Array	SOURCE
org.alfresco.encryption.KeysReport	KeysReport(java.util.List,java.util.List)	keysChanged	org.alfresco.encryption.KeysReport	SOURCE
org.alfresco.encryption.KeysReport	KeysReport(java.util.List,java.util.List)	this	org.alfresco.encryption.KeysReport	SOURCE
org.alfresco.encryption.KeysReport	KeysReport(java.util.List,java.util.List)	keysUnchanged	org.alfresco.encryption.KeysReport	SOURCE
org.alfresco.encryption.KeysReport	KeysReport(java.util.List,java.util.List)	this	org.alfresco.encryption.KeysReport	SOURCE
org.alfresco.encryption.KeysReport	getKeysChanged()	keysChanged	org.alfresco.encryption.KeysReport	SOURCE
org.alfresco.encryption.KeysReport	getKeysUnchanged()	keysUnchanged	org.alfresco.encryption.KeysReport	SOURCE
org.alfresco.util.exec.RuntimeExecBootstrapBean	class	class	org.alfresco.util.exec.RuntimeExecBootstrapBean	SOURCE
org.alfresco.util.exec.RuntimeExecBootstrapBean	RuntimeExecBootstrapBean()	startupCommands	org.alfresco.util.exec.RuntimeExecBootstrapBean	SOURCE
org.alfresco.util.exec.RuntimeExecBootstrapBean	RuntimeExecBootstrapBean()	this	org.alfresco.util.exec.RuntimeExecBootstrapBean	SOURCE
org.alfresco.util.exec.RuntimeExecBootstrapBean	RuntimeExecBootstrapBean()	executionResults	org.alfresco.util.exec.RuntimeExecBootstrapBean	SOURCE
org.alfresco.util.exec.RuntimeExecBootstrapBean	RuntimeExecBootstrapBean()	this	org.alfresco.util.exec.RuntimeExecBootstrapBean	SOURCE
org.alfresco.util.exec.RuntimeExecBootstrapBean	RuntimeExecBootstrapBean()	failOnError	org.alfresco.util.exec.RuntimeExecBootstrapBean	SOURCE
org.alfresco.util.exec.RuntimeExecBootstrapBean	RuntimeExecBootstrapBean()	killProcessesOnShutdown	org.alfresco.util.exec.RuntimeExecBootstrapBean	SOURCE
org.alfresco.util.exec.RuntimeExecBootstrapBean	RuntimeExecBootstrapBean()	enabled	org.alfresco.util.exec.RuntimeExecBootstrapBean	SOURCE
org.alfresco.util.exec.RuntimeExecBootstrapBean	setStartupCommands(java.util.List)	startupCommands	org.alfresco.util.exec.RuntimeExecBootstrapBean	SOURCE
org.alfresco.util.exec.RuntimeExecBootstrapBean	setStartupCommands(java.util.List)	this	org.alfresco.util.exec.RuntimeExecBootstrapBean	SOURCE
org.alfresco.util.exec.RuntimeExecBootstrapBean	setFailOnError(boolean)	failOnError	org.alfresco.util.exec.RuntimeExecBootstrapBean	SOURCE
org.alfresco.util.exec.RuntimeExecBootstrapBean	setFailOnError(boolean)	this	org.alfresco.util.exec.RuntimeExecBootstrapBean	SOURCE
org.alfresco.util.exec.RuntimeExecBootstrapBean	setKillProcessesOnShutdown(boolean)	killProcessesOnShutdown	org.alfresco.util.exec.RuntimeExecBootstrapBean	SOURCE
org.alfresco.util.exec.RuntimeExecBootstrapBean	setKillProcessesOnShutdown(boolean)	this	org.alfresco.util.exec.RuntimeExecBootstrapBean	SOURCE
org.alfresco.util.exec.RuntimeExecBootstrapBean	setDisabledAtStartUp(java.lang.String)	this	org.alfresco.util.exec.RuntimeExecBootstrapBean	SOURCE
org.alfresco.util.exec.RuntimeExecBootstrapBean	setEnabled(java.lang.String)	enabled	org.alfresco.util.exec.RuntimeExecBootstrapBean	SOURCE
org.alfresco.util.exec.RuntimeExecBootstrapBean	setEnabled(java.lang.String)	this	org.alfresco.util.exec.RuntimeExecBootstrapBean	SOURCE
org.alfresco.util.exec.RuntimeExecBootstrapBean	setEnabledFromBean(org.alfresco.util.bean.BooleanBean)	enabled	org.alfresco.util.exec.RuntimeExecBootstrapBean	SOURCE
org.alfresco.util.exec.RuntimeExecBootstrapBean	setEnabledFromBean(org.alfresco.util.bean.BooleanBean)	this	org.alfresco.util.exec.RuntimeExecBootstrapBean	SOURCE
org.alfresco.util.exec.RuntimeExecBootstrapBean	onBootstrap(org.springframework.context.ApplicationEvent)	enabled	org.alfresco.util.exec.RuntimeExecBootstrapBean	SOURCE
org.alfresco.util.exec.RuntimeExecBootstrapBean	onBootstrap(org.springframework.context.ApplicationEvent)	this	org.alfresco.util.exec.RuntimeExecBootstrapBean	SOURCE
org.alfresco.util.exec.RuntimeExecBootstrapBean	onBootstrap(org.springframework.context.ApplicationEvent)	logger	org.alfresco.util.exec.RuntimeExecBootstrapBean	SOURCE
org.alfresco.util.exec.RuntimeExecBootstrapBean	onBootstrap(org.springframework.context.ApplicationEvent)	logger	org.alfresco.util.exec.RuntimeExecBootstrapBean	SOURCE
org.alfresco.util.exec.RuntimeExecBootstrapBean	onBootstrap(org.springframework.context.ApplicationEvent)	startupCommands	org.alfresco.util.exec.RuntimeExecBootstrapBean	SOURCE
org.alfresco.util.exec.RuntimeExecBootstrapBean	onBootstrap(org.springframework.context.ApplicationEvent)	startupCommands	org.alfresco.util.exec.RuntimeExecBootstrapBean	SOURCE
org.alfresco.util.exec.RuntimeExecBootstrapBean	onBootstrap(org.springframework.context.ApplicationEvent)	failOnError	org.alfresco.util.exec.RuntimeExecBootstrapBean	SOURCE
org.alfresco.util.exec.RuntimeExecBootstrapBean	onBootstrap(org.springframework.context.ApplicationEvent)	logger	org.alfresco.util.exec.RuntimeExecBootstrapBean	SOURCE
org.alfresco.util.exec.RuntimeExecBootstrapBean	onBootstrap(org.springframework.context.ApplicationEvent)	executionResults	org.alfresco.util.exec.RuntimeExecBootstrapBean	SOURCE
org.alfresco.util.exec.RuntimeExecBootstrapBean	onBootstrap(org.springframework.context.ApplicationEvent)	killProcessesOnShutdown	org.alfresco.util.exec.RuntimeExecBootstrapBean	SOURCE
org.alfresco.util.exec.RuntimeExecBootstrapBean	onBootstrap(org.springframework.context.ApplicationEvent)	shutdownThread	org.alfresco.util.exec.RuntimeExecBootstrapBean	SOURCE
org.alfresco.util.exec.RuntimeExecBootstrapBean	onBootstrap(org.springframework.context.ApplicationEvent)	this	org.alfresco.util.exec.RuntimeExecBootstrapBean	SOURCE
org.alfresco.util.exec.RuntimeExecBootstrapBean	onBootstrap(org.springframework.context.ApplicationEvent)	shutdownThread	org.alfresco.util.exec.RuntimeExecBootstrapBean	SOURCE
org.alfresco.util.exec.RuntimeExecBootstrapBean	onBootstrap(org.springframework.context.ApplicationEvent)	this	org.alfresco.util.exec.RuntimeExecBootstrapBean	SOURCE
org.alfresco.util.exec.RuntimeExecBootstrapBean	onBootstrap(org.springframework.context.ApplicationEvent)	logger	org.alfresco.util.exec.RuntimeExecBootstrapBean	SOURCE
org.alfresco.util.exec.RuntimeExecBootstrapBean	onBootstrap(org.springframework.context.ApplicationEvent)	logger	org.alfresco.util.exec.RuntimeExecBootstrapBean	SOURCE
org.alfresco.util.exec.RuntimeExecBootstrapBean	onBootstrap(org.springframework.context.ApplicationEvent)	startupCommands	org.alfresco.util.exec.RuntimeExecBootstrapBean	SOURCE
org.alfresco.util.exec.RuntimeExecBootstrapBean$KillProcessShutdownThread	KillProcessShutdownThread()	class	org.alfresco.util.exec.RuntimeExecBootstrapBean	SOURCE
org.alfresco.util.exec.RuntimeExecBootstrapBean	onShutdown(org.springframework.context.ApplicationEvent)	enabled	org.alfresco.util.exec.RuntimeExecBootstrapBean	SOURCE
org.alfresco.util.exec.RuntimeExecBootstrapBean	onShutdown(org.springframework.context.ApplicationEvent)	this	org.alfresco.util.exec.RuntimeExecBootstrapBean	SOURCE
org.alfresco.util.exec.RuntimeExecBootstrapBean	onShutdown(org.springframework.context.ApplicationEvent)	shutdownThread	org.alfresco.util.exec.RuntimeExecBootstrapBean	SOURCE
org.alfresco.util.exec.RuntimeExecBootstrapBean	onShutdown(org.springframework.context.ApplicationEvent)	this	org.alfresco.util.exec.RuntimeExecBootstrapBean	SOURCE
org.alfresco.util.exec.RuntimeExecBootstrapBean	doShutdown()	killProcessesOnShutdown	org.alfresco.util.exec.RuntimeExecBootstrapBean	SOURCE
org.alfresco.util.exec.RuntimeExecBootstrapBean	doShutdown()	executionResults	org.alfresco.util.exec.RuntimeExecBootstrapBean	SOURCE
org.alfresco.encryption.MACUtils	logger	class	org.alfresco.encryption.Encryptor	SOURCE
org.alfresco.encryption.MACUtils	MACUtils()	threadMac	org.alfresco.encryption.MACUtils	SOURCE
org.alfresco.encryption.MACUtils	setKeyProvider(org.alfresco.encryption.KeyProvider)	keyProvider	org.alfresco.encryption.MACUtils	SOURCE
org.alfresco.encryption.MACUtils	setKeyProvider(org.alfresco.encryption.KeyProvider)	this	org.alfresco.encryption.MACUtils	SOURCE
org.alfresco.encryption.MACUtils	setMacAlgorithm(java.lang.String)	macAlgorithm	org.alfresco.encryption.MACUtils	SOURCE
org.alfresco.encryption.MACUtils	setMacAlgorithm(java.lang.String)	this	org.alfresco.encryption.MACUtils	SOURCE
org.alfresco.encryption.MACUtils	getMac(java.lang.String)	threadMac	org.alfresco.encryption.MACUtils	SOURCE
org.alfresco.encryption.MACUtils	getMac(java.lang.String)	macAlgorithm	org.alfresco.encryption.MACUtils	SOURCE
org.alfresco.encryption.MACUtils	getMac(java.lang.String)	threadMac	org.alfresco.encryption.MACUtils	SOURCE
org.alfresco.encryption.MACUtils	getMac(java.lang.String)	keyProvider	org.alfresco.encryption.MACUtils	SOURCE
org.alfresco.encryption.MACUtils	generateMAC(java.lang.String,org.alfresco.encryption.MACUtils.MACInput)	logger	org.alfresco.encryption.MACUtils	SOURCE
org.alfresco.encryption.MACUtils	generateMAC(java.lang.String,org.alfresco.encryption.MACUtils.MACInput)	logger	org.alfresco.encryption.MACUtils	SOURCE
org.alfresco.encryption.MACUtils	generateMAC(java.lang.String,org.alfresco.encryption.MACUtils.MACInput)	logger	org.alfresco.encryption.MACUtils	SOURCE
org.alfresco.encryption.MACUtils	generateMAC(java.lang.String,org.alfresco.encryption.MACUtils.MACInput)	logger	org.alfresco.encryption.MACUtils	SOURCE
org.alfresco.encryption.MACUtils	validateMAC(java.lang.String,byte[],org.alfresco.encryption.MACUtils.MACInput)	logger	org.alfresco.encryption.MACUtils	SOURCE
org.alfresco.encryption.MACUtils	validateMAC(java.lang.String,byte[],org.alfresco.encryption.MACUtils.MACInput)	logger	org.alfresco.encryption.MACUtils	SOURCE
org.alfresco.encryption.MACUtils	validateMAC(java.lang.String,byte[],org.alfresco.encryption.MACUtils.MACInput)	logger	org.alfresco.encryption.MACUtils	SOURCE
org.alfresco.encryption.MACUtils	validateMAC(java.lang.String,byte[],org.alfresco.encryption.MACUtils.MACInput)	logger	org.alfresco.encryption.MACUtils	SOURCE
org.alfresco.encryption.MACUtils$MACInput	MACInput(byte[],long,java.lang.String)	message	org.alfresco.encryption.MACUtils$MACInput	SOURCE
org.alfresco.encryption.MACUtils$MACInput	MACInput(byte[],long,java.lang.String)	this	org.alfresco.encryption.MACUtils$MACInput	SOURCE
org.alfresco.encryption.MACUtils$MACInput	MACInput(byte[],long,java.lang.String)	timestamp	org.alfresco.encryption.MACUtils$MACInput	SOURCE
org.alfresco.encryption.MACUtils$MACInput	MACInput(byte[],long,java.lang.String)	this	org.alfresco.encryption.MACUtils$MACInput	SOURCE
org.alfresco.encryption.MACUtils$MACInput	MACInput(byte[],long,java.lang.String)	ipAddress	org.alfresco.encryption.MACUtils$MACInput	SOURCE
org.alfresco.encryption.MACUtils$MACInput	MACInput(byte[],long,java.lang.String)	this	org.alfresco.encryption.MACUtils$MACInput	SOURCE
org.alfresco.encryption.MACUtils$MACInput	getMessage()	message	org.alfresco.encryption.MACUtils$MACInput	SOURCE
org.alfresco.encryption.MACUtils$MACInput	getTimestamp()	timestamp	org.alfresco.encryption.MACUtils$MACInput	SOURCE
org.alfresco.encryption.MACUtils$MACInput	getIpAddress()	ipAddress	org.alfresco.encryption.MACUtils$MACInput	SOURCE
org.alfresco.encryption.MACUtils$MACInput	getMACInput()	ipAddress	org.alfresco.encryption.MACUtils$MACInput	SOURCE
org.alfresco.encryption.MACUtils$MACInput	getMACInput()	SEPARATOR	org.alfresco.encryption.MACUtils	SOURCE
org.alfresco.encryption.MACUtils$MACInput	getMACInput()	timestamp	org.alfresco.encryption.MACUtils$MACInput	SOURCE
org.alfresco.encryption.MACUtils$MACInput	getMACInput()	message	org.alfresco.encryption.MACUtils$MACInput	SOURCE
org.alfresco.encryption.MACUtils$MACInput	getMACInput()	message	org.alfresco.encryption.MACUtils$MACInput	SOURCE
org.alfresco.encryption.MACUtils$MessageInputStream	MessageInputStream(java.util.List)	input	org.alfresco.encryption.MACUtils$MessageInputStream	SOURCE
org.alfresco.encryption.MACUtils$MessageInputStream	MessageInputStream(java.util.List)	this	org.alfresco.encryption.MACUtils$MessageInputStream	SOURCE
org.alfresco.encryption.MACUtils$MessageInputStream	MessageInputStream(java.util.List)	currentStream	org.alfresco.encryption.MACUtils$MessageInputStream	SOURCE
org.alfresco.encryption.MACUtils$MessageInputStream	MessageInputStream(java.util.List)	this	org.alfresco.encryption.MACUtils$MessageInputStream	SOURCE
org.alfresco.encryption.MACUtils$MessageInputStream	MessageInputStream(java.util.List)	activeInputStream	org.alfresco.encryption.MACUtils$MessageInputStream	SOURCE
org.alfresco.encryption.MACUtils$MessageInputStream	MessageInputStream(java.util.List)	this	org.alfresco.encryption.MACUtils$MessageInputStream	SOURCE
org.alfresco.encryption.MACUtils$MessageInputStream	MessageInputStream(java.util.List)	currentStream	org.alfresco.encryption.MACUtils$MessageInputStream	SOURCE
org.alfresco.encryption.MACUtils$MessageInputStream	close()	input	org.alfresco.encryption.MACUtils$MessageInputStream	SOURCE
org.alfresco.encryption.MACUtils$MessageInputStream	read()	activeInputStream	org.alfresco.encryption.MACUtils$MessageInputStream	SOURCE
org.alfresco.encryption.MACUtils$MessageInputStream	read()	currentStream	org.alfresco.encryption.MACUtils$MessageInputStream	SOURCE
org.alfresco.encryption.MACUtils$MessageInputStream	read()	currentStream	org.alfresco.encryption.MACUtils$MessageInputStream	SOURCE
org.alfresco.encryption.MACUtils$MessageInputStream	read()	input	org.alfresco.encryption.MACUtils$MessageInputStream	SOURCE
org.alfresco.encryption.MACUtils$MessageInputStream	read()	activeInputStream	org.alfresco.encryption.MACUtils$MessageInputStream	SOURCE
org.alfresco.encryption.MACUtils$MessageInputStream	read()	input	org.alfresco.encryption.MACUtils$MessageInputStream	SOURCE
org.alfresco.encryption.MACUtils$MessageInputStream	read()	currentStream	org.alfresco.encryption.MACUtils$MessageInputStream	SOURCE
org.alfresco.encryption.MACUtils$MessageInputStream	read()	activeInputStream	org.alfresco.encryption.MACUtils$MessageInputStream	SOURCE
org.alfresco.encryption.DefaultEncryptionUtils	logger	class	org.alfresco.encryption.Encryptor	SOURCE
org.alfresco.encryption.DefaultEncryptionUtils	DefaultEncryptionUtils()	localIP	org.alfresco.encryption.DefaultEncryptionUtils	SOURCE
org.alfresco.encryption.DefaultEncryptionUtils	DefaultEncryptionUtils()	this	org.alfresco.encryption.DefaultEncryptionUtils	SOURCE
org.alfresco.encryption.DefaultEncryptionUtils	getRemoteIP()	remoteIP	org.alfresco.encryption.DefaultEncryptionUtils	SOURCE
org.alfresco.encryption.DefaultEncryptionUtils	setRemoteIP(java.lang.String)	remoteIP	org.alfresco.encryption.DefaultEncryptionUtils	SOURCE
org.alfresco.encryption.DefaultEncryptionUtils	setRemoteIP(java.lang.String)	this	org.alfresco.encryption.DefaultEncryptionUtils	SOURCE
org.alfresco.encryption.DefaultEncryptionUtils	getLocalIPAddress()	localIP	org.alfresco.encryption.DefaultEncryptionUtils	SOURCE
org.alfresco.encryption.DefaultEncryptionUtils	setMessageTimeout(long)	messageTimeout	org.alfresco.encryption.DefaultEncryptionUtils	SOURCE
org.alfresco.encryption.DefaultEncryptionUtils	setMessageTimeout(long)	this	org.alfresco.encryption.DefaultEncryptionUtils	SOURCE
org.alfresco.encryption.DefaultEncryptionUtils	setEncryptor(org.alfresco.encryption.Encryptor)	encryptor	org.alfresco.encryption.DefaultEncryptionUtils	SOURCE
org.alfresco.encryption.DefaultEncryptionUtils	setEncryptor(org.alfresco.encryption.Encryptor)	this	org.alfresco.encryption.DefaultEncryptionUtils	SOURCE
org.alfresco.encryption.DefaultEncryptionUtils	setMacUtils(org.alfresco.encryption.MACUtils)	macUtils	org.alfresco.encryption.DefaultEncryptionUtils	SOURCE
org.alfresco.encryption.DefaultEncryptionUtils	setMacUtils(org.alfresco.encryption.MACUtils)	this	org.alfresco.encryption.DefaultEncryptionUtils	SOURCE
org.alfresco.encryption.DefaultEncryptionUtils	setRequestMac(org.apache.commons.httpclient.HttpMethod,byte[])	HEADER_MAC	org.alfresco.encryption.DefaultEncryptionUtils	SOURCE
org.alfresco.encryption.DefaultEncryptionUtils	setMac(javax.servlet.http.HttpServletResponse,byte[])	HEADER_MAC	org.alfresco.encryption.DefaultEncryptionUtils	SOURCE
org.alfresco.encryption.DefaultEncryptionUtils	getMac(javax.servlet.http.HttpServletRequest)	HEADER_MAC	org.alfresco.encryption.DefaultEncryptionUtils	SOURCE
org.alfresco.encryption.DefaultEncryptionUtils	getResponseMac(org.apache.commons.httpclient.HttpMethod)	HEADER_MAC	org.alfresco.encryption.DefaultEncryptionUtils	SOURCE
org.alfresco.encryption.DefaultEncryptionUtils	setRequestTimestamp(org.apache.commons.httpclient.HttpMethod,long)	HEADER_TIMESTAMP	org.alfresco.encryption.DefaultEncryptionUtils	SOURCE
org.alfresco.encryption.DefaultEncryptionUtils	setTimestamp(javax.servlet.http.HttpServletResponse,long)	HEADER_TIMESTAMP	org.alfresco.encryption.DefaultEncryptionUtils	SOURCE
org.alfresco.encryption.DefaultEncryptionUtils	getResponseTimestamp(org.apache.commons.httpclient.HttpMethod)	HEADER_TIMESTAMP	org.alfresco.encryption.DefaultEncryptionUtils	SOURCE
org.alfresco.encryption.DefaultEncryptionUtils	getTimestamp(javax.servlet.http.HttpServletRequest)	HEADER_TIMESTAMP	org.alfresco.encryption.DefaultEncryptionUtils	SOURCE
org.alfresco.encryption.DefaultEncryptionUtils	setRequestAlgorithmParameters(org.apache.commons.httpclient.HttpMethod,java.security.AlgorithmParameters)	HEADER_ALGORITHM_PARAMETERS	org.alfresco.encryption.DefaultEncryptionUtils	SOURCE
org.alfresco.encryption.DefaultEncryptionUtils	setAlgorithmParameters(javax.servlet.http.HttpServletResponse,java.security.AlgorithmParameters)	HEADER_ALGORITHM_PARAMETERS	org.alfresco.encryption.DefaultEncryptionUtils	SOURCE
org.alfresco.encryption.DefaultEncryptionUtils	decodeAlgorithmParameters(org.apache.commons.httpclient.HttpMethod)	HEADER_ALGORITHM_PARAMETERS	org.alfresco.encryption.DefaultEncryptionUtils	SOURCE
org.alfresco.encryption.DefaultEncryptionUtils	decodeAlgorithmParameters(org.apache.commons.httpclient.HttpMethod)	encryptor	org.alfresco.encryption.DefaultEncryptionUtils	SOURCE
org.alfresco.encryption.DefaultEncryptionUtils	decodeAlgorithmParameters(javax.servlet.http.HttpServletRequest)	HEADER_ALGORITHM_PARAMETERS	org.alfresco.encryption.DefaultEncryptionUtils	SOURCE
org.alfresco.encryption.DefaultEncryptionUtils	decodeAlgorithmParameters(javax.servlet.http.HttpServletRequest)	encryptor	org.alfresco.encryption.DefaultEncryptionUtils	SOURCE
org.alfresco.encryption.DefaultEncryptionUtils	decryptResponseBody(org.apache.commons.httpclient.HttpMethod)	encryptor	org.alfresco.encryption.DefaultEncryptionUtils	SOURCE
org.alfresco.encryption.DefaultEncryptionUtils	decryptResponseBody(org.apache.commons.httpclient.HttpMethod)	ALIAS_SOLR	org.alfresco.encryption.KeyProvider	SOURCE
org.alfresco.encryption.DefaultEncryptionUtils	decryptBody(javax.servlet.http.HttpServletRequest)	encryptor	org.alfresco.encryption.DefaultEncryptionUtils	SOURCE
org.alfresco.encryption.DefaultEncryptionUtils	decryptBody(javax.servlet.http.HttpServletRequest)	ALIAS_SOLR	org.alfresco.encryption.KeyProvider	SOURCE
org.alfresco.encryption.DefaultEncryptionUtils	setRequestAuthentication(org.apache.commons.httpclient.HttpMethod,byte[])	macUtils	org.alfresco.encryption.DefaultEncryptionUtils	SOURCE
org.alfresco.encryption.DefaultEncryptionUtils	setRequestAuthentication(org.apache.commons.httpclient.HttpMethod,byte[])	ALIAS_SOLR	org.alfresco.encryption.KeyProvider	SOURCE
org.alfresco.encryption.DefaultEncryptionUtils	setRequestAuthentication(org.apache.commons.httpclient.HttpMethod,byte[])	logger	org.alfresco.encryption.DefaultEncryptionUtils	SOURCE
org.alfresco.encryption.DefaultEncryptionUtils	setRequestAuthentication(org.apache.commons.httpclient.HttpMethod,byte[])	logger	org.alfresco.encryption.DefaultEncryptionUtils	SOURCE
org.alfresco.encryption.DefaultEncryptionUtils	setRequestAuthentication(org.apache.commons.httpclient.HttpMethod,byte[])	logger	org.alfresco.encryption.DefaultEncryptionUtils	SOURCE
org.alfresco.encryption.DefaultEncryptionUtils	setResponseAuthentication(javax.servlet.http.HttpServletRequest,javax.servlet.http.HttpServletResponse,byte[],java.security.AlgorithmParameters)	macUtils	org.alfresco.encryption.DefaultEncryptionUtils	SOURCE
org.alfresco.encryption.DefaultEncryptionUtils	setResponseAuthentication(javax.servlet.http.HttpServletRequest,javax.servlet.http.HttpServletResponse,byte[],java.security.AlgorithmParameters)	ALIAS_SOLR	org.alfresco.encryption.KeyProvider	SOURCE
org.alfresco.encryption.DefaultEncryptionUtils	setResponseAuthentication(javax.servlet.http.HttpServletRequest,javax.servlet.http.HttpServletResponse,byte[],java.security.AlgorithmParameters)	logger	org.alfresco.encryption.DefaultEncryptionUtils	SOURCE
org.alfresco.encryption.DefaultEncryptionUtils	setResponseAuthentication(javax.servlet.http.HttpServletRequest,javax.servlet.http.HttpServletResponse,byte[],java.security.AlgorithmParameters)	logger	org.alfresco.encryption.DefaultEncryptionUtils	SOURCE
org.alfresco.encryption.DefaultEncryptionUtils	setResponseAuthentication(javax.servlet.http.HttpServletRequest,javax.servlet.http.HttpServletResponse,byte[],java.security.AlgorithmParameters)	logger	org.alfresco.encryption.DefaultEncryptionUtils	SOURCE
org.alfresco.encryption.DefaultEncryptionUtils	authenticate(byte[],org.alfresco.encryption.MACUtils.MACInput)	macUtils	org.alfresco.encryption.DefaultEncryptionUtils	SOURCE
org.alfresco.encryption.DefaultEncryptionUtils	authenticate(byte[],org.alfresco.encryption.MACUtils.MACInput)	ALIAS_SOLR	org.alfresco.encryption.KeyProvider	SOURCE
org.alfresco.encryption.DefaultEncryptionUtils	validateTimestamp(long)	messageTimeout	org.alfresco.encryption.DefaultEncryptionUtils	SOURCE
org.alfresco.error.AlfrescoRuntimeException	AlfrescoRuntimeException(java.lang.String)	msgId	org.alfresco.error.AlfrescoRuntimeException	SOURCE
org.alfresco.error.AlfrescoRuntimeException	AlfrescoRuntimeException(java.lang.String)	this	org.alfresco.error.AlfrescoRuntimeException	SOURCE
org.alfresco.error.AlfrescoRuntimeException	AlfrescoRuntimeException(java.lang.String,java.lang.Object[])	msgId	org.alfresco.error.AlfrescoRuntimeException	SOURCE
org.alfresco.error.AlfrescoRuntimeException	AlfrescoRuntimeException(java.lang.String,java.lang.Object[])	this	org.alfresco.error.AlfrescoRuntimeException	SOURCE
org.alfresco.error.AlfrescoRuntimeException	AlfrescoRuntimeException(java.lang.String,java.lang.Object[])	msgParams	org.alfresco.error.AlfrescoRuntimeException	SOURCE
org.alfresco.error.AlfrescoRuntimeException	AlfrescoRuntimeException(java.lang.String,java.lang.Object[])	this	org.alfresco.error.AlfrescoRuntimeException	SOURCE
org.alfresco.error.AlfrescoRuntimeException	AlfrescoRuntimeException(java.lang.String,java.lang.Throwable)	msgId	org.alfresco.error.AlfrescoRuntimeException	SOURCE
org.alfresco.error.AlfrescoRuntimeException	AlfrescoRuntimeException(java.lang.String,java.lang.Throwable)	this	org.alfresco.error.AlfrescoRuntimeException	SOURCE
org.alfresco.error.AlfrescoRuntimeException	AlfrescoRuntimeException(java.lang.String,java.lang.Object[],java.lang.Throwable)	msgId	org.alfresco.error.AlfrescoRuntimeException	SOURCE
org.alfresco.error.AlfrescoRuntimeException	AlfrescoRuntimeException(java.lang.String,java.lang.Object[],java.lang.Throwable)	this	org.alfresco.error.AlfrescoRuntimeException	SOURCE
org.alfresco.error.AlfrescoRuntimeException	AlfrescoRuntimeException(java.lang.String,java.lang.Object[],java.lang.Throwable)	msgParams	org.alfresco.error.AlfrescoRuntimeException	SOURCE
org.alfresco.error.AlfrescoRuntimeException	AlfrescoRuntimeException(java.lang.String,java.lang.Object[],java.lang.Throwable)	this	org.alfresco.error.AlfrescoRuntimeException	SOURCE
org.alfresco.error.AlfrescoRuntimeException	getMsgId()	msgId	org.alfresco.error.AlfrescoRuntimeException	SOURCE
org.alfresco.error.AlfrescoRuntimeException	getMsgParams()	msgParams	org.alfresco.error.AlfrescoRuntimeException	SOURCE
org.alfresco.error.AlfrescoRuntimeException	getNumericalId()	MESSAGE_DELIMITER	org.alfresco.error.AlfrescoRuntimeException	SOURCE
org.alfresco.error.AlfrescoRuntimeException	buildErrorLogNumber(java.lang.String)	errorCounter	org.alfresco.error.AlfrescoRuntimeException	SOURCE
org.alfresco.error.AlfrescoRuntimeException	buildErrorLogNumber(java.lang.String)	MESSAGE_DELIMITER	org.alfresco.error.AlfrescoRuntimeException	SOURCE
org.alfresco.error.AlfrescoRuntimeException	getRootCause()	this	org.alfresco.error.AlfrescoRuntimeException	SOURCE
org.alfresco.error.AlfrescoRuntimeException	getRootCause()	this	org.alfresco.error.AlfrescoRuntimeException	SOURCE
org.alfresco.error.AlfrescoRuntimeException	getRootCause()	this	org.alfresco.error.AlfrescoRuntimeException	SOURCE
org.alfresco.error.AlfrescoRuntimeException	getRootCause()	this	org.alfresco.error.AlfrescoRuntimeException	SOURCE
org.alfresco.query.ListBackedPagingResults	ListBackedPagingResults(java.util.List)	results	org.alfresco.query.ListBackedPagingResults	SOURCE
org.alfresco.query.ListBackedPagingResults	ListBackedPagingResults(java.util.List)	this	org.alfresco.query.ListBackedPagingResults	SOURCE
org.alfresco.query.ListBackedPagingResults	ListBackedPagingResults(java.util.List)	size	org.alfresco.query.ListBackedPagingResults	SOURCE
org.alfresco.query.ListBackedPagingResults	ListBackedPagingResults(java.util.List)	hasMore	org.alfresco.query.ListBackedPagingResults	SOURCE
org.alfresco.query.ListBackedPagingResults	ListBackedPagingResults(java.util.List,boolean)	hasMore	org.alfresco.query.ListBackedPagingResults	SOURCE
org.alfresco.query.ListBackedPagingResults	ListBackedPagingResults(java.util.List,boolean)	this	org.alfresco.query.ListBackedPagingResults	SOURCE
org.alfresco.query.ListBackedPagingResults	ListBackedPagingResults(java.util.List,org.alfresco.query.PagingRequest)	results	org.alfresco.query.ListBackedPagingResults	SOURCE
org.alfresco.query.ListBackedPagingResults	ListBackedPagingResults(java.util.List,org.alfresco.query.PagingRequest)	this	org.alfresco.query.ListBackedPagingResults	SOURCE
org.alfresco.query.ListBackedPagingResults	ListBackedPagingResults(java.util.List,org.alfresco.query.PagingRequest)	size	org.alfresco.query.ListBackedPagingResults	SOURCE
org.alfresco.query.ListBackedPagingResults	ListBackedPagingResults(java.util.List,org.alfresco.query.PagingRequest)	this	org.alfresco.query.ListBackedPagingResults	SOURCE
org.alfresco.query.ListBackedPagingResults	ListBackedPagingResults(java.util.List,org.alfresco.query.PagingRequest)	hasMore	org.alfresco.query.ListBackedPagingResults	SOURCE
org.alfresco.query.ListBackedPagingResults	ListBackedPagingResults(java.util.List,org.alfresco.query.PagingRequest)	this	org.alfresco.query.ListBackedPagingResults	SOURCE
org.alfresco.query.ListBackedPagingResults	getPage()	results	org.alfresco.query.ListBackedPagingResults	SOURCE
org.alfresco.query.ListBackedPagingResults	hasMoreItems()	hasMore	org.alfresco.query.ListBackedPagingResults	SOURCE
org.alfresco.query.ListBackedPagingResults	getTotalResultCount()	size	org.alfresco.query.ListBackedPagingResults	SOURCE
org.alfresco.query.ListBackedPagingResults	getTotalResultCount()	size	org.alfresco.query.ListBackedPagingResults	SOURCE
org.alfresco.encryption.KeyMap	KeyMap()	keys	org.alfresco.encryption.KeyMap	SOURCE
org.alfresco.encryption.KeyMap	KeyMap()	this	org.alfresco.encryption.KeyMap	SOURCE
org.alfresco.encryption.KeyMap	KeyMap(java.util.Map)	keys	org.alfresco.encryption.KeyMap	SOURCE
org.alfresco.encryption.KeyMap	KeyMap(java.util.Map)	this	org.alfresco.encryption.KeyMap	SOURCE
org.alfresco.encryption.KeyMap	numKeys()	keys	org.alfresco.encryption.KeyMap	SOURCE
org.alfresco.encryption.KeyMap	getKeyAliases()	keys	org.alfresco.encryption.KeyMap	SOURCE
org.alfresco.encryption.KeyMap	getCachedKey(java.lang.String)	keys	org.alfresco.encryption.KeyMap	SOURCE
org.alfresco.encryption.KeyMap	getCachedKey(java.lang.String)	NULL	org.alfresco.encryption.CachedKey	SOURCE
org.alfresco.encryption.KeyMap	setKey(java.lang.String,java.security.Key)	keys	org.alfresco.encryption.KeyMap	SOURCE
org.alfresco.encryption.CachedKey	CachedKey(java.security.Key,java.lang.Long)	key	org.alfresco.encryption.CachedKey	SOURCE
org.alfresco.encryption.CachedKey	CachedKey(java.security.Key,java.lang.Long)	this	org.alfresco.encryption.CachedKey	SOURCE
org.alfresco.encryption.CachedKey	CachedKey(java.security.Key,java.lang.Long)	timestamp	org.alfresco.encryption.CachedKey	SOURCE
org.alfresco.encryption.CachedKey	CachedKey(java.security.Key,java.lang.Long)	this	org.alfresco.encryption.CachedKey	SOURCE
org.alfresco.encryption.CachedKey	CachedKey(java.security.Key)	key	org.alfresco.encryption.CachedKey	SOURCE
org.alfresco.encryption.CachedKey	CachedKey(java.security.Key)	this	org.alfresco.encryption.CachedKey	SOURCE
org.alfresco.encryption.CachedKey	CachedKey(java.security.Key)	timestamp	org.alfresco.encryption.CachedKey	SOURCE
org.alfresco.encryption.CachedKey	CachedKey(java.security.Key)	this	org.alfresco.encryption.CachedKey	SOURCE
org.alfresco.encryption.CachedKey	getKey()	key	org.alfresco.encryption.CachedKey	SOURCE
org.alfresco.encryption.CachedKey	getTimestamp()	timestamp	org.alfresco.encryption.CachedKey	SOURCE
org.alfresco.util.MaxSizeMap	MaxSizeMap(int,boolean)	maxSize	org.alfresco.util.MaxSizeMap	SOURCE
org.alfresco.util.MaxSizeMap	MaxSizeMap(int,boolean)	this	org.alfresco.util.MaxSizeMap	SOURCE
org.alfresco.util.MaxSizeMap	removeEldestEntry(java.util.Map.Entry)	super	org.alfresco.util.MaxSizeMap	SOURCE
org.alfresco.util.MaxSizeMap	removeEldestEntry(java.util.Map.Entry)	maxSize	org.alfresco.util.MaxSizeMap	SOURCE
org.alfresco.util.MaxSizeMap	removeEldestEntry(java.util.Map.Entry)	this	org.alfresco.util.MaxSizeMap	SOURCE
org.alfresco.util.CachingDateFormat	LENIENT_FORMATS	MILLISECOND	java.util.Calendar	SOURCE
org.alfresco.util.CachingDateFormat	LENIENT_FORMATS	MILLISECOND	java.util.Calendar	SOURCE
org.alfresco.util.CachingDateFormat	LENIENT_FORMATS	SECOND	java.util.Calendar	SOURCE
org.alfresco.util.CachingDateFormat	LENIENT_FORMATS	SECOND	java.util.Calendar	SOURCE
org.alfresco.util.CachingDateFormat	LENIENT_FORMATS	MINUTE	java.util.Calendar	SOURCE
org.alfresco.util.CachingDateFormat	LENIENT_FORMATS	MINUTE	java.util.Calendar	SOURCE
org.alfresco.util.CachingDateFormat	LENIENT_FORMATS	HOUR_OF_DAY	java.util.Calendar	SOURCE
org.alfresco.util.CachingDateFormat	LENIENT_FORMATS	HOUR_OF_DAY	java.util.Calendar	SOURCE
org.alfresco.util.CachingDateFormat	LENIENT_FORMATS	DAY_OF_MONTH	java.util.Calendar	SOURCE
org.alfresco.util.CachingDateFormat	LENIENT_FORMATS	DAY_OF_MONTH	java.util.Calendar	SOURCE
org.alfresco.util.CachingDateFormat	LENIENT_FORMATS	DAY_OF_MONTH	java.util.Calendar	SOURCE
org.alfresco.util.CachingDateFormat	LENIENT_FORMATS	DAY_OF_MONTH	java.util.Calendar	SOURCE
org.alfresco.util.CachingDateFormat	LENIENT_FORMATS	MONTH	java.util.Calendar	SOURCE
org.alfresco.util.CachingDateFormat	LENIENT_FORMATS	MONTH	java.util.Calendar	SOURCE
org.alfresco.util.CachingDateFormat	LENIENT_FORMATS	MILLISECOND	java.util.Calendar	SOURCE
org.alfresco.util.CachingDateFormat	LENIENT_FORMATS	MILLISECOND	java.util.Calendar	SOURCE
org.alfresco.util.CachingDateFormat	LENIENT_FORMATS	SECOND	java.util.Calendar	SOURCE
org.alfresco.util.CachingDateFormat	LENIENT_FORMATS	SECOND	java.util.Calendar	SOURCE
org.alfresco.util.CachingDateFormat	LENIENT_FORMATS	MINUTE	java.util.Calendar	SOURCE
org.alfresco.util.CachingDateFormat	LENIENT_FORMATS	MINUTE	java.util.Calendar	SOURCE
org.alfresco.util.CachingDateFormat	LENIENT_FORMATS	HOUR_OF_DAY	java.util.Calendar	SOURCE
org.alfresco.util.CachingDateFormat	LENIENT_FORMATS	HOUR_OF_DAY	java.util.Calendar	SOURCE
org.alfresco.util.CachingDateFormat	LENIENT_FORMATS	DAY_OF_MONTH	java.util.Calendar	SOURCE
org.alfresco.util.CachingDateFormat	LENIENT_FORMATS	DAY_OF_MONTH	java.util.Calendar	SOURCE
org.alfresco.util.CachingDateFormat	LENIENT_FORMATS	DAY_OF_MONTH	java.util.Calendar	SOURCE
org.alfresco.util.CachingDateFormat	LENIENT_FORMATS	DAY_OF_MONTH	java.util.Calendar	SOURCE
org.alfresco.util.CachingDateFormat	LENIENT_FORMATS	MONTH	java.util.Calendar	SOURCE
org.alfresco.util.CachingDateFormat	LENIENT_FORMATS	MONTH	java.util.Calendar	SOURCE
org.alfresco.util.CachingDateFormat	LENIENT_FORMATS	YEAR	java.util.Calendar	SOURCE
org.alfresco.util.CachingDateFormat	LENIENT_FORMATS	YEAR	java.util.Calendar	SOURCE
org.alfresco.util.CachingDateFormat	FORMAT_FULL_GENERIC	FORMAT_FULL_GENERIC	org.alfresco.util.CachingDateFormat	SOURCE
org.alfresco.util.CachingDateFormat	FORMAT_DATE_GENERIC	FORMAT_DATE_GENERIC	org.alfresco.util.CachingDateFormat	SOURCE
org.alfresco.util.CachingDateFormat	FORMAT_TIME_GENERIC	FORMAT_TIME_GENERIC	org.alfresco.util.CachingDateFormat	SOURCE
org.alfresco.util.CachingDateFormat	FORMAT_CMIS_SQL	FORMAT_CMIS_SQL	org.alfresco.util.CachingDateFormat	SOURCE
org.alfresco.util.CachingDateFormat	FORMAT_SOLR	FORMAT_SOLR	org.alfresco.util.CachingDateFormat	SOURCE
org.alfresco.util.CachingDateFormat	formatter	ENGLISH	java.util.Locale	SOURCE
org.alfresco.util.CachingDateFormat	UTC	UTC	org.alfresco.util.CachingDateFormat	SOURCE
org.alfresco.util.CachingDateFormat	UTC_WITHOUT_MSECS	UTC_WITHOUT_MSECS	org.alfresco.util.CachingDateFormat	SOURCE
org.alfresco.util.CachingDateFormat	formatter	ENGLISH	java.util.Locale	SOURCE
org.alfresco.util.CachingDateFormat	UTC	UTC	org.alfresco.util.CachingDateFormat	SOURCE
org.alfresco.util.CachingDateFormat	LENIENT_FORMATS	LENIENT_FORMATS	org.alfresco.util.CachingDateFormat	SOURCE
org.alfresco.util.CachingDateFormat	string	string	org.alfresco.util.CachingDateFormat$StringAndResolution	SOURCE
org.alfresco.util.CachingDateFormat	resolution	resolution	org.alfresco.util.CachingDateFormat$StringAndResolution	SOURCE
org.alfresco.util.CachingDateFormat	toString()	this	org.alfresco.util.CachingDateFormat	SOURCE
org.alfresco.util.CachingDateFormat	getDateFormat()	S_LOCAL_DATE_FORMAT	org.alfresco.util.CachingDateFormat	SOURCE
org.alfresco.util.CachingDateFormat	getCmisSqlDatetimeFormat()	S_LOCAL_CMIS_SQL_DATETIME	org.alfresco.util.CachingDateFormat	SOURCE
org.alfresco.util.CachingDateFormat	getSolrDatetimeFormatWithoutMsecs()	S_UTC_DATETIME_WITHOUT_MSECS	org.alfresco.util.CachingDateFormat	SOURCE
org.alfresco.util.CachingDateFormat	getSolrDatetimeFormat()	S_LOCAL_SOLR_DATETIME	org.alfresco.util.CachingDateFormat	SOURCE
org.alfresco.util.CachingDateFormat	getDateOnlyFormat()	S_LOCAL_DATEONLY_FORMAT	org.alfresco.util.CachingDateFormat	SOURCE
org.alfresco.util.CachingDateFormat	getTimeOnlyFormat()	S_LOCAL_TIMEONLY_FORMAT	org.alfresco.util.CachingDateFormat	SOURCE
org.alfresco.util.CachingDateFormat	parse(java.lang.String,java.text.ParsePosition)	cacheDates	org.alfresco.util.CachingDateFormat	SOURCE
org.alfresco.util.CachingDateFormat	parse(java.lang.String,java.text.ParsePosition)	super	org.alfresco.util.CachingDateFormat	SOURCE
org.alfresco.util.CachingDateFormat	parse(java.lang.String,java.text.ParsePosition)	cacheDates	org.alfresco.util.CachingDateFormat	SOURCE
org.alfresco.util.CachingDateFormat	lenientParse(java.lang.String,int)	MILLISECOND	java.util.Calendar	SOURCE
org.alfresco.util.CachingDateFormat	lenientParse(java.lang.String,int)	resolution	org.alfresco.util.CachingDateFormat$SimpleDateFormatAndResolution	SOURCE
org.alfresco.util.CachingDateFormat	lenientParse(java.lang.String,int)	simpleDateFormat	org.alfresco.util.CachingDateFormat$SimpleDateFormatAndResolution	SOURCE
org.alfresco.util.CachingDateFormat	lenientParse(java.lang.String,int)	resolution	org.alfresco.util.CachingDateFormat$SimpleDateFormatAndResolution	SOURCE
org.alfresco.util.CachingDateFormat	getLenientFormatters()	S_LENIENT_PARSERS	org.alfresco.util.CachingDateFormat	SOURCE
org.alfresco.util.CachingDateFormat$StringAndResolution	getResolution()	resolution	org.alfresco.util.CachingDateFormat$StringAndResolution	SOURCE
org.alfresco.util.CachingDateFormat$StringAndResolution	setResolution(int)	resolution	org.alfresco.util.CachingDateFormat$StringAndResolution	SOURCE
org.alfresco.util.CachingDateFormat$StringAndResolution	setResolution(int)	this	org.alfresco.util.CachingDateFormat$StringAndResolution	SOURCE
org.alfresco.util.CachingDateFormat$StringAndResolution	StringAndResolution(java.lang.String,int)	string	org.alfresco.util.CachingDateFormat$StringAndResolution	SOURCE
org.alfresco.util.CachingDateFormat$StringAndResolution	StringAndResolution(java.lang.String,int)	this	org.alfresco.util.CachingDateFormat$StringAndResolution	SOURCE
org.alfresco.util.CachingDateFormat$StringAndResolution	StringAndResolution(java.lang.String,int)	resolution	org.alfresco.util.CachingDateFormat$StringAndResolution	SOURCE
org.alfresco.util.CachingDateFormat$StringAndResolution	StringAndResolution(java.lang.String,int)	this	org.alfresco.util.CachingDateFormat$StringAndResolution	SOURCE
org.alfresco.util.CachingDateFormat$SimpleDateFormatAndResolution	SimpleDateFormatAndResolution(java.text.SimpleDateFormat,int)	simpleDateFormat	org.alfresco.util.CachingDateFormat$SimpleDateFormatAndResolution	SOURCE
org.alfresco.util.CachingDateFormat$SimpleDateFormatAndResolution	SimpleDateFormatAndResolution(java.text.SimpleDateFormat,int)	this	org.alfresco.util.CachingDateFormat$SimpleDateFormatAndResolution	SOURCE
org.alfresco.util.CachingDateFormat$SimpleDateFormatAndResolution	SimpleDateFormatAndResolution(java.text.SimpleDateFormat,int)	resolution	org.alfresco.util.CachingDateFormat$SimpleDateFormatAndResolution	SOURCE
org.alfresco.util.CachingDateFormat$SimpleDateFormatAndResolution	SimpleDateFormatAndResolution(java.text.SimpleDateFormat,int)	this	org.alfresco.util.CachingDateFormat$SimpleDateFormatAndResolution	SOURCE
org.alfresco.util.CachingDateFormat$SimpleDateFormatAndResolution	getSimpleDateFormat()	simpleDateFormat	org.alfresco.util.CachingDateFormat$SimpleDateFormatAndResolution	SOURCE
org.alfresco.util.CachingDateFormat$SimpleDateFormatAndResolution	getResolution()	resolution	org.alfresco.util.CachingDateFormat$SimpleDateFormatAndResolution	SOURCE
