id	class	method	parent	flags	annotations	visibility	non-primitive-return	path
1	org.alfresco.query.CannedQueryFactory	getCannedQuery(org.alfresco.query.CannedQueryParameters)	0	[false]		public	true	/Users/nima/Developer/alfresco-community-repo/core/src/main/java/org/alfresco/query/CannedQueryFactory.java
2	org.alfresco.query.CannedQueryFactory	getCannedQuery(java.lang.Object,int,int,java.lang.String)	0	[false, false, false, false]		public	true	/Users/nima/Developer/alfresco-community-repo/core/src/main/java/org/alfresco/query/CannedQueryFactory.java
3	org.alfresco.query.CannedQueryParameters	CannedQueryParameters(java.lang.Object)	0	[false]		public	false	/Users/nima/Developer/alfresco-community-repo/core/src/main/java/org/alfresco/query/CannedQueryParameters.java
4	org.alfresco.query.CannedQueryParameters	CannedQueryParameters(java.lang.Object,int,int,java.lang.String)	0	[false, false, false, false]		public	false	/Users/nima/Developer/alfresco-community-repo/core/src/main/java/org/alfresco/query/CannedQueryParameters.java
5	org.alfresco.query.CannedQueryParameters	CannedQueryParameters(java.lang.Object,org.alfresco.query.CannedQueryPageDetails,org.alfresco.query.CannedQuerySortDetails)	0	[false, false, false]		public	false	/Users/nima/Developer/alfresco-community-repo/core/src/main/java/org/alfresco/query/CannedQueryParameters.java
6	org.alfresco.query.CannedQueryParameters	CannedQueryParameters(java.lang.Object,org.alfresco.query.CannedQuerySortDetails,org.alfresco.query.PagingRequest)	0	[false, false, false]		public	false	/Users/nima/Developer/alfresco-community-repo/core/src/main/java/org/alfresco/query/CannedQueryParameters.java
7	org.alfresco.query.CannedQueryParameters	CannedQueryParameters(java.lang.Object,org.alfresco.query.CannedQueryPageDetails,org.alfresco.query.CannedQuerySortDetails,int,java.lang.String)	0	[false, false, false, false, false]	java.lang.SuppressWarnings	public	false	/Users/nima/Developer/alfresco-community-repo/core/src/main/java/org/alfresco/query/CannedQueryParameters.java
8	org.alfresco.query.CannedQueryParameters	toString()	9	[]	java.lang.Override	public	true	/Users/nima/Developer/alfresco-community-repo/core/src/main/java/org/alfresco/query/CannedQueryParameters.java
10	org.alfresco.query.CannedQueryParameters	getQueryExecutionId()	0	[]		public	true	/Users/nima/Developer/alfresco-community-repo/core/src/main/java/org/alfresco/query/CannedQueryParameters.java
11	org.alfresco.query.CannedQueryParameters	getSortDetails()	0	[]		public	true	/Users/nima/Developer/alfresco-community-repo/core/src/main/java/org/alfresco/query/CannedQueryParameters.java
12	org.alfresco.query.CannedQueryParameters	getPageDetails()	0	[]		public	true	/Users/nima/Developer/alfresco-community-repo/core/src/main/java/org/alfresco/query/CannedQueryParameters.java
13	org.alfresco.query.CannedQueryParameters	getTotalResultCountMax()	0	[]		public	false	/Users/nima/Developer/alfresco-community-repo/core/src/main/java/org/alfresco/query/CannedQueryParameters.java
14	org.alfresco.query.CannedQueryParameters	getResultsRequired()	0	[]		public	false	/Users/nima/Developer/alfresco-community-repo/core/src/main/java/org/alfresco/query/CannedQueryParameters.java
15	org.alfresco.query.CannedQueryParameters	getParameterBean()	0	[]		public	true	/Users/nima/Developer/alfresco-community-repo/core/src/main/java/org/alfresco/query/CannedQueryParameters.java
16	org.alfresco.query.CannedQuery	getParameters()	0	[]		public	true	/Users/nima/Developer/alfresco-community-repo/core/src/main/java/org/alfresco/query/CannedQuery.java
17	org.alfresco.query.CannedQuery	execute()	0	[]		public	true	/Users/nima/Developer/alfresco-community-repo/core/src/main/java/org/alfresco/query/CannedQuery.java
18	org.alfresco.query.CannedQueryResults	getOriginatingQuery()	0	[]		public	true	/Users/nima/Developer/alfresco-community-repo/core/src/main/java/org/alfresco/query/CannedQueryResults.java
19	org.alfresco.query.CannedQueryResults	getPagedResultCount()	0	[]		public	false	/Users/nima/Developer/alfresco-community-repo/core/src/main/java/org/alfresco/query/CannedQueryResults.java
20	org.alfresco.query.CannedQueryResults	getPageCount()	0	[]		public	false	/Users/nima/Developer/alfresco-community-repo/core/src/main/java/org/alfresco/query/CannedQueryResults.java
21	org.alfresco.query.CannedQueryResults	getSingleResult()	0	[]		public	true	/Users/nima/Developer/alfresco-community-repo/core/src/main/java/org/alfresco/query/CannedQueryResults.java
22	org.alfresco.query.CannedQueryResults	getPages()	0	[]		public	true	/Users/nima/Developer/alfresco-community-repo/core/src/main/java/org/alfresco/query/CannedQueryResults.java
23	org.alfresco.query.PagingResults	getPage()	0	[]		public	true	/Users/nima/Developer/alfresco-community-repo/core/src/main/java/org/alfresco/query/PagingResults.java
24	org.alfresco.query.PagingResults	hasMoreItems()	0	[]		public	false	/Users/nima/Developer/alfresco-community-repo/core/src/main/java/org/alfresco/query/PagingResults.java
25	org.alfresco.query.PagingResults	getTotalResultCount()	0	[]		public	true	/Users/nima/Developer/alfresco-community-repo/core/src/main/java/org/alfresco/query/PagingResults.java
26	org.alfresco.query.PagingResults	getQueryExecutionId()	0	[]		public	true	/Users/nima/Developer/alfresco-community-repo/core/src/main/java/org/alfresco/query/PagingResults.java
27	org.alfresco.util.Pair	nullPair()	0	[]	java.lang.SuppressWarnings	public	true	/Users/nima/Developer/alfresco-community-repo/core/src/main/java/org/alfresco/util/Pair.java
28	org.alfresco.util.Pair	Pair(F,S)	0	[false, false]		public	false	/Users/nima/Developer/alfresco-community-repo/core/src/main/java/org/alfresco/util/Pair.java
29	org.alfresco.util.Pair	getFirst()	0	[]		public	true	/Users/nima/Developer/alfresco-community-repo/core/src/main/java/org/alfresco/util/Pair.java
30	org.alfresco.util.Pair	getSecond()	0	[]		public	true	/Users/nima/Developer/alfresco-community-repo/core/src/main/java/org/alfresco/util/Pair.java
31	org.alfresco.util.Pair	setFirst(F)	0	[false]		public	false	/Users/nima/Developer/alfresco-community-repo/core/src/main/java/org/alfresco/util/Pair.java
32	org.alfresco.util.Pair	setSecond(S)	0	[false]		public	false	/Users/nima/Developer/alfresco-community-repo/core/src/main/java/org/alfresco/util/Pair.java
33	org.alfresco.util.Pair	equals(java.lang.Object)	34	[false]	java.lang.Override	public	false	/Users/nima/Developer/alfresco-community-repo/core/src/main/java/org/alfresco/util/Pair.java
35	org.alfresco.util.Pair	hashCode()	36	[]	java.lang.Override	public	false	/Users/nima/Developer/alfresco-community-repo/core/src/main/java/org/alfresco/util/Pair.java
37	org.alfresco.util.Pair	toString()	9	[]	java.lang.Override	public	true	/Users/nima/Developer/alfresco-community-repo/core/src/main/java/org/alfresco/util/Pair.java
38	org.alfresco.util.Pair	readObject(java.io.ObjectInputStream)	0	[false]	java.lang.SuppressWarnings	private	false	/Users/nima/Developer/alfresco-community-repo/core/src/main/java/org/alfresco/util/Pair.java
39	org.alfresco.query.CannedQueryPageDetails	CannedQueryPageDetails()	0	[]		public	false	/Users/nima/Developer/alfresco-community-repo/core/src/main/java/org/alfresco/query/CannedQueryPageDetails.java
40	org.alfresco.query.CannedQueryPageDetails	CannedQueryPageDetails(int,int)	0	[false, false]		public	false	/Users/nima/Developer/alfresco-community-repo/core/src/main/java/org/alfresco/query/CannedQueryPageDetails.java
41	org.alfresco.query.CannedQueryPageDetails	CannedQueryPageDetails(int,int,int,int)	0	[false, false, false, false]		public	false	/Users/nima/Developer/alfresco-community-repo/core/src/main/java/org/alfresco/query/CannedQueryPageDetails.java
42	org.alfresco.query.CannedQueryPageDetails	CannedQueryPageDetails(org.alfresco.query.PagingRequest)	0	[false]		public	false	/Users/nima/Developer/alfresco-community-repo/core/src/main/java/org/alfresco/query/CannedQueryPageDetails.java
43	org.alfresco.query.CannedQueryPageDetails	toString()	9	[]	java.lang.Override	public	true	/Users/nima/Developer/alfresco-community-repo/core/src/main/java/org/alfresco/query/CannedQueryPageDetails.java
44	org.alfresco.query.CannedQueryPageDetails	getSkipResults()	0	[]		public	false	/Users/nima/Developer/alfresco-community-repo/core/src/main/java/org/alfresco/query/CannedQueryPageDetails.java
45	org.alfresco.query.CannedQueryPageDetails	getPageSize()	0	[]		public	false	/Users/nima/Developer/alfresco-community-repo/core/src/main/java/org/alfresco/query/CannedQueryPageDetails.java
46	org.alfresco.query.CannedQueryPageDetails	getPageNumber()	0	[]		public	false	/Users/nima/Developer/alfresco-community-repo/core/src/main/java/org/alfresco/query/CannedQueryPageDetails.java
47	org.alfresco.query.CannedQueryPageDetails	getPageCount()	0	[]		public	false	/Users/nima/Developer/alfresco-community-repo/core/src/main/java/org/alfresco/query/CannedQueryPageDetails.java
48	org.alfresco.query.CannedQueryPageDetails	getResultsRequiredForPaging()	0	[]		public	false	/Users/nima/Developer/alfresco-community-repo/core/src/main/java/org/alfresco/query/CannedQueryPageDetails.java
49	org.alfresco.query.CannedQuerySortDetails	CannedQuerySortDetails(org.alfresco.util.Pair[])	0	[false]		public	false	/Users/nima/Developer/alfresco-community-repo/core/src/main/java/org/alfresco/query/CannedQuerySortDetails.java
50	org.alfresco.query.CannedQuerySortDetails	CannedQuerySortDetails(java.util.List)	0	[false]		public	false	/Users/nima/Developer/alfresco-community-repo/core/src/main/java/org/alfresco/query/CannedQuerySortDetails.java
51	org.alfresco.query.CannedQuerySortDetails	toString()	9	[]	java.lang.Override	public	true	/Users/nima/Developer/alfresco-community-repo/core/src/main/java/org/alfresco/query/CannedQuerySortDetails.java
52	org.alfresco.query.CannedQuerySortDetails	getSortPairs()	0	[]		public	true	/Users/nima/Developer/alfresco-community-repo/core/src/main/java/org/alfresco/query/CannedQuerySortDetails.java
53	org.alfresco.query.PagingRequest	PagingRequest(int)	0	[false]		public	false	/Users/nima/Developer/alfresco-community-repo/core/src/main/java/org/alfresco/query/PagingRequest.java
54	org.alfresco.query.PagingRequest	PagingRequest(int,int)	0	[false, false]		public	false	/Users/nima/Developer/alfresco-community-repo/core/src/main/java/org/alfresco/query/PagingRequest.java
55	org.alfresco.query.PagingRequest	PagingRequest(int,java.lang.String)	0	[false, false]		public	false	/Users/nima/Developer/alfresco-community-repo/core/src/main/java/org/alfresco/query/PagingRequest.java
56	org.alfresco.query.PagingRequest	PagingRequest(int,int,java.lang.String)	0	[false, false, false]		public	false	/Users/nima/Developer/alfresco-community-repo/core/src/main/java/org/alfresco/query/PagingRequest.java
57	org.alfresco.query.PagingRequest	getSkipCount()	0	[]		public	false	/Users/nima/Developer/alfresco-community-repo/core/src/main/java/org/alfresco/query/PagingRequest.java
58	org.alfresco.query.PagingRequest	setSkipCount(int)	0	[false]		protected	false	/Users/nima/Developer/alfresco-community-repo/core/src/main/java/org/alfresco/query/PagingRequest.java
59	org.alfresco.query.PagingRequest	getMaxItems()	0	[]		public	false	/Users/nima/Developer/alfresco-community-repo/core/src/main/java/org/alfresco/query/PagingRequest.java
60	org.alfresco.query.PagingRequest	setMaxItems(int)	0	[false]		protected	false	/Users/nima/Developer/alfresco-community-repo/core/src/main/java/org/alfresco/query/PagingRequest.java
61	org.alfresco.query.PagingRequest	getRequestTotalCountMax()	0	[]		public	false	/Users/nima/Developer/alfresco-community-repo/core/src/main/java/org/alfresco/query/PagingRequest.java
62	org.alfresco.query.PagingRequest	setRequestTotalCountMax(int)	0	[false]		public	false	/Users/nima/Developer/alfresco-community-repo/core/src/main/java/org/alfresco/query/PagingRequest.java
63	org.alfresco.query.PagingRequest	getQueryExecutionId()	0	[]		public	true	/Users/nima/Developer/alfresco-community-repo/core/src/main/java/org/alfresco/query/PagingRequest.java
64	org.alfresco.query.PagingRequest	setQueryExecutionId(java.lang.String)	0	[false]		protected	false	/Users/nima/Developer/alfresco-community-repo/core/src/main/java/org/alfresco/query/PagingRequest.java
65	org.alfresco.encryption.AlfrescoKeyStore	getName()	0	[]		public	true	/Users/nima/Developer/alfresco-community-repo/core/src/main/java/org/alfresco/encryption/AlfrescoKeyStore.java
66	org.alfresco.encryption.AlfrescoKeyStore	backup()	0	[]		public	false	/Users/nima/Developer/alfresco-community-repo/core/src/main/java/org/alfresco/encryption/AlfrescoKeyStore.java
67	org.alfresco.encryption.AlfrescoKeyStore	getKeyStoreParameters()	0	[]		public	true	/Users/nima/Developer/alfresco-community-repo/core/src/main/java/org/alfresco/encryption/AlfrescoKeyStore.java
68	org.alfresco.encryption.AlfrescoKeyStore	getBackupKeyStoreParameters()	0	[]		public	true	/Users/nima/Developer/alfresco-community-repo/core/src/main/java/org/alfresco/encryption/AlfrescoKeyStore.java
69	org.alfresco.encryption.AlfrescoKeyStore	exists()	0	[]		public	false	/Users/nima/Developer/alfresco-community-repo/core/src/main/java/org/alfresco/encryption/AlfrescoKeyStore.java
70	org.alfresco.encryption.AlfrescoKeyStore	getKey(java.lang.String)	0	[false]		public	true	/Users/nima/Developer/alfresco-community-repo/core/src/main/java/org/alfresco/encryption/AlfrescoKeyStore.java
71	org.alfresco.encryption.AlfrescoKeyStore	getKeyTimestamp(java.lang.String)	0	[false]		public	false	/Users/nima/Developer/alfresco-community-repo/core/src/main/java/org/alfresco/encryption/AlfrescoKeyStore.java
72	org.alfresco.encryption.AlfrescoKeyStore	getBackupKey(java.lang.String)	0	[false]		public	true	/Users/nima/Developer/alfresco-community-repo/core/src/main/java/org/alfresco/encryption/AlfrescoKeyStore.java
73	org.alfresco.encryption.AlfrescoKeyStore	getKeyAliases()	0	[]		public	true	/Users/nima/Developer/alfresco-community-repo/core/src/main/java/org/alfresco/encryption/AlfrescoKeyStore.java
74	org.alfresco.encryption.AlfrescoKeyStore	createKeyManagers()	0	[]		public	true	/Users/nima/Developer/alfresco-community-repo/core/src/main/java/org/alfresco/encryption/AlfrescoKeyStore.java
75	org.alfresco.encryption.AlfrescoKeyStore	createTrustManagers()	0	[]		public	true	/Users/nima/Developer/alfresco-community-repo/core/src/main/java/org/alfresco/encryption/AlfrescoKeyStore.java
76	org.alfresco.encryption.AlfrescoKeyStore	create()	0	[]		public	false	/Users/nima/Developer/alfresco-community-repo/core/src/main/java/org/alfresco/encryption/AlfrescoKeyStore.java
77	org.alfresco.encryption.AlfrescoKeyStore	reload()	0	[]		public	false	/Users/nima/Developer/alfresco-community-repo/core/src/main/java/org/alfresco/encryption/AlfrescoKeyStore.java
78	org.alfresco.encryption.AlfrescoKeyStore	validateKeys()	0	[]		public	false	/Users/nima/Developer/alfresco-community-repo/core/src/main/java/org/alfresco/encryption/AlfrescoKeyStore.java
79	org.alfresco.encryption.KeyStoreParameters	KeyStoreParameters()	0	[]		public	false	/Users/nima/Developer/alfresco-community-repo/core/src/main/java/org/alfresco/encryption/KeyStoreParameters.java
80	org.alfresco.encryption.KeyStoreParameters	KeyStoreParameters(java.lang.String,java.lang.String,java.lang.String,java.lang.String,java.lang.String,java.lang.String)	0	[false, false, false, false, false, false]		public	false	/Users/nima/Developer/alfresco-community-repo/core/src/main/java/org/alfresco/encryption/KeyStoreParameters.java
81	org.alfresco.encryption.KeyStoreParameters	KeyStoreParameters(java.lang.String,java.lang.String,java.lang.String,java.lang.String,java.lang.String)	0	[false, false, false, false, false]	java.lang.Deprecated	public	false	/Users/nima/Developer/alfresco-community-repo/core/src/main/java/org/alfresco/encryption/KeyStoreParameters.java
82	org.alfresco.encryption.KeyStoreParameters	init()	0	[]		public	false	/Users/nima/Developer/alfresco-community-repo/core/src/main/java/org/alfresco/encryption/KeyStoreParameters.java
83	org.alfresco.encryption.KeyStoreParameters	getId()	0	[]		public	true	/Users/nima/Developer/alfresco-community-repo/core/src/main/java/org/alfresco/encryption/KeyStoreParameters.java
84	org.alfresco.encryption.KeyStoreParameters	getName()	0	[]		public	true	/Users/nima/Developer/alfresco-community-repo/core/src/main/java/org/alfresco/encryption/KeyStoreParameters.java
85	org.alfresco.encryption.KeyStoreParameters	getType()	0	[]		public	true	/Users/nima/Developer/alfresco-community-repo/core/src/main/java/org/alfresco/encryption/KeyStoreParameters.java
86	org.alfresco.encryption.KeyStoreParameters	getProvider()	0	[]		public	true	/Users/nima/Developer/alfresco-community-repo/core/src/main/java/org/alfresco/encryption/KeyStoreParameters.java
87	org.alfresco.encryption.KeyStoreParameters	getKeyMetaDataFileLocation()	0	[]		public	true	/Users/nima/Developer/alfresco-community-repo/core/src/main/java/org/alfresco/encryption/KeyStoreParameters.java
88	org.alfresco.encryption.KeyStoreParameters	getLocation()	0	[]		public	true	/Users/nima/Developer/alfresco-community-repo/core/src/main/java/org/alfresco/encryption/KeyStoreParameters.java
89	org.alfresco.encryption.KeyStoreParameters	setId(java.lang.String)	0	[false]		public	false	/Users/nima/Developer/alfresco-community-repo/core/src/main/java/org/alfresco/encryption/KeyStoreParameters.java
90	org.alfresco.encryption.KeyStoreParameters	setName(java.lang.String)	0	[false]		public	false	/Users/nima/Developer/alfresco-community-repo/core/src/main/java/org/alfresco/encryption/KeyStoreParameters.java
91	org.alfresco.encryption.KeyStoreParameters	setType(java.lang.String)	0	[false]		public	false	/Users/nima/Developer/alfresco-community-repo/core/src/main/java/org/alfresco/encryption/KeyStoreParameters.java
92	org.alfresco.encryption.KeyStoreParameters	setProvider(java.lang.String)	0	[false]		public	false	/Users/nima/Developer/alfresco-community-repo/core/src/main/java/org/alfresco/encryption/KeyStoreParameters.java
93	org.alfresco.encryption.KeyStoreParameters	setKeyMetaDataFileLocation(java.lang.String)	0	[false]		public	false	/Users/nima/Developer/alfresco-community-repo/core/src/main/java/org/alfresco/encryption/KeyStoreParameters.java
94	org.alfresco.encryption.KeyStoreParameters	setLocation(java.lang.String)	0	[false]		public	false	/Users/nima/Developer/alfresco-community-repo/core/src/main/java/org/alfresco/encryption/KeyStoreParameters.java
95	org.alfresco.encryption.InvalidKeystoreException	InvalidKeystoreException(java.lang.String)	0	[false]		public	false	/Users/nima/Developer/alfresco-community-repo/core/src/main/java/org/alfresco/encryption/InvalidKeystoreException.java
96	org.alfresco.encryption.MissingKeyException	MissingKeyException(java.lang.String)	0	[false]		public	false	/Users/nima/Developer/alfresco-community-repo/core/src/main/java/org/alfresco/encryption/MissingKeyException.java
97	org.alfresco.encryption.MissingKeyException	MissingKeyException(java.lang.String,java.lang.String)	0	[false, false]		public	false	/Users/nima/Developer/alfresco-community-repo/core/src/main/java/org/alfresco/encryption/MissingKeyException.java
98	org.alfresco.encryption.MissingKeyException	getKeyAlias()	0	[]		public	true	/Users/nima/Developer/alfresco-community-repo/core/src/main/java/org/alfresco/encryption/MissingKeyException.java
99	org.alfresco.encryption.MissingKeyException	getKeyStoreLocation()	0	[]		public	true	/Users/nima/Developer/alfresco-community-repo/core/src/main/java/org/alfresco/encryption/MissingKeyException.java
100	org.alfresco.util.log.NDC	push(java.lang.String)	0	[false]		public	false	/Users/nima/Developer/alfresco-community-repo/core/src/main/java/org/alfresco/util/log/NDC.java
101	org.alfresco.util.log.NDC	remove()	0	[]		public	false	/Users/nima/Developer/alfresco-community-repo/core/src/main/java/org/alfresco/util/log/NDC.java
102	org.alfresco.util.log.NDCDelegate	push(java.lang.String)	0	[false]		public	false	/Users/nima/Developer/alfresco-community-repo/core/src/main/java/org/alfresco/util/log/NDCDelegate.java
103	org.alfresco.util.log.NDCDelegate	remove()	0	[]		public	false	/Users/nima/Developer/alfresco-community-repo/core/src/main/java/org/alfresco/util/log/NDCDelegate.java
104	org.alfresco.util.SerializationUtils	SerializationUtils()	0	[]		public	false	/Users/nima/Developer/alfresco-community-repo/core/src/main/java/org/alfresco/util/SerializationUtils.java
105	org.alfresco.util.SerializationUtils	clone(T)	0	[false]		public	true	/Users/nima/Developer/alfresco-community-repo/core/src/main/java/org/alfresco/util/SerializationUtils.java
106	org.alfresco.util.SerializationUtils	serialize(java.io.Serializable,java.io.OutputStream)	0	[false, false]		public	false	/Users/nima/Developer/alfresco-community-repo/core/src/main/java/org/alfresco/util/SerializationUtils.java
107	org.alfresco.util.SerializationUtils	serialize(java.io.Serializable)	0	[false]		public	true	/Users/nima/Developer/alfresco-community-repo/core/src/main/java/org/alfresco/util/SerializationUtils.java
108	org.alfresco.util.SerializationUtils	deserialize(java.io.InputStream)	0	[false]		public	true	/Users/nima/Developer/alfresco-community-repo/core/src/main/java/org/alfresco/util/SerializationUtils.java
109	org.alfresco.util.SerializationUtils	deserialize(byte[])	0	[false]		public	true	/Users/nima/Developer/alfresco-community-repo/core/src/main/java/org/alfresco/util/SerializationUtils.java
110	org.alfresco.query.AbstractCannedQuery	AbstractCannedQuery(org.alfresco.query.CannedQueryParameters)	0	[false]		protected	false	/Users/nima/Developer/alfresco-community-repo/core/src/main/java/org/alfresco/query/AbstractCannedQuery.java
111	org.alfresco.query.AbstractCannedQuery	getParameters()	16	[]	java.lang.Override	public	true	/Users/nima/Developer/alfresco-community-repo/core/src/main/java/org/alfresco/query/AbstractCannedQuery.java
112	org.alfresco.query.AbstractCannedQuery	toString()	9	[]	java.lang.Override	public	true	/Users/nima/Developer/alfresco-community-repo/core/src/main/java/org/alfresco/query/AbstractCannedQuery.java
113	org.alfresco.query.AbstractCannedQuery	execute()	17	[]	java.lang.Override	public	true	/Users/nima/Developer/alfresco-community-repo/core/src/main/java/org/alfresco/query/AbstractCannedQuery.java
114	org.alfresco.query.AbstractCannedQuery$1	getOriginatingQuery()	18	[]	java.lang.Override	public	true	/Users/nima/Developer/alfresco-community-repo/core/src/main/java/org/alfresco/query/AbstractCannedQuery.java
115	org.alfresco.query.AbstractCannedQuery$1	getQueryExecutionId()	26	[]	java.lang.Override	public	true	/Users/nima/Developer/alfresco-community-repo/core/src/main/java/org/alfresco/query/AbstractCannedQuery.java
116	org.alfresco.query.AbstractCannedQuery$1	getTotalResultCount()	25	[]	java.lang.Override	public	true	/Users/nima/Developer/alfresco-community-repo/core/src/main/java/org/alfresco/query/AbstractCannedQuery.java
117	org.alfresco.query.AbstractCannedQuery$1	getPagedResultCount()	19	[]	java.lang.Override	public	false	/Users/nima/Developer/alfresco-community-repo/core/src/main/java/org/alfresco/query/AbstractCannedQuery.java
118	org.alfresco.query.AbstractCannedQuery$1	getPageCount()	20	[]	java.lang.Override	public	false	/Users/nima/Developer/alfresco-community-repo/core/src/main/java/org/alfresco/query/AbstractCannedQuery.java
119	org.alfresco.query.AbstractCannedQuery$1	getSingleResult()	21	[]	java.lang.Override	public	true	/Users/nima/Developer/alfresco-community-repo/core/src/main/java/org/alfresco/query/AbstractCannedQuery.java
120	org.alfresco.query.AbstractCannedQuery$1	getPage()	23	[]	java.lang.Override	public	true	/Users/nima/Developer/alfresco-community-repo/core/src/main/java/org/alfresco/query/AbstractCannedQuery.java
121	org.alfresco.query.AbstractCannedQuery$1	getPages()	22	[]	java.lang.Override	public	true	/Users/nima/Developer/alfresco-community-repo/core/src/main/java/org/alfresco/query/AbstractCannedQuery.java
122	org.alfresco.query.AbstractCannedQuery$1	hasMoreItems()	24	[]	java.lang.Override	public	false	/Users/nima/Developer/alfresco-community-repo/core/src/main/java/org/alfresco/query/AbstractCannedQuery.java
123	org.alfresco.query.AbstractCannedQuery	queryAndFilter(org.alfresco.query.CannedQueryParameters)	0	[false]		protected	true	/Users/nima/Developer/alfresco-community-repo/core/src/main/java/org/alfresco/query/AbstractCannedQuery.java
124	org.alfresco.query.AbstractCannedQuery	isApplyPostQuerySorting()	0	[]		protected	false	/Users/nima/Developer/alfresco-community-repo/core/src/main/java/org/alfresco/query/AbstractCannedQuery.java
125	org.alfresco.query.AbstractCannedQuery	applyPostQuerySorting(java.util.List,org.alfresco.query.CannedQuerySortDetails)	0	[false, false]		protected	true	/Users/nima/Developer/alfresco-community-repo/core/src/main/java/org/alfresco/query/AbstractCannedQuery.java
126	org.alfresco.query.AbstractCannedQuery	isApplyPostQueryPermissions()	0	[]		protected	false	/Users/nima/Developer/alfresco-community-repo/core/src/main/java/org/alfresco/query/AbstractCannedQuery.java
127	org.alfresco.query.AbstractCannedQuery	applyPostQueryPermissions(java.util.List,int)	0	[false, false]		protected	true	/Users/nima/Developer/alfresco-community-repo/core/src/main/java/org/alfresco/query/AbstractCannedQuery.java
128	org.alfresco.query.AbstractCannedQuery	getTotalResultCount(java.util.List)	0	[false]		protected	true	/Users/nima/Developer/alfresco-community-repo/core/src/main/java/org/alfresco/query/AbstractCannedQuery.java
129	org.alfresco.query.AbstractCannedQuery	isApplyPostQueryPaging()	0	[]		protected	false	/Users/nima/Developer/alfresco-community-repo/core/src/main/java/org/alfresco/query/AbstractCannedQuery.java
130	org.alfresco.query.AbstractCannedQuery	applyPostQueryPaging(java.util.List,org.alfresco.query.CannedQueryPageDetails)	0	[false, false]		protected	true	/Users/nima/Developer/alfresco-community-repo/core/src/main/java/org/alfresco/query/AbstractCannedQuery.java
131	org.alfresco.util.PatternFilter	setPatterns(java.util.List)	0	[false]		public	false	/Users/nima/Developer/alfresco-community-repo/core/src/main/java/org/alfresco/util/PatternFilter.java
132	org.alfresco.util.PatternFilter	isFiltered(java.lang.String)	0	[false]		public	false	/Users/nima/Developer/alfresco-community-repo/core/src/main/java/org/alfresco/util/PatternFilter.java
133	org.alfresco.util.Triple	Triple(T,U,V)	0	[false, false, false]		public	false	/Users/nima/Developer/alfresco-community-repo/core/src/main/java/org/alfresco/util/Triple.java
134	org.alfresco.util.Triple	getFirst()	0	[]		public	true	/Users/nima/Developer/alfresco-community-repo/core/src/main/java/org/alfresco/util/Triple.java
135	org.alfresco.util.Triple	getSecond()	0	[]		public	true	/Users/nima/Developer/alfresco-community-repo/core/src/main/java/org/alfresco/util/Triple.java
136	org.alfresco.util.Triple	getThird()	0	[]		public	true	/Users/nima/Developer/alfresco-community-repo/core/src/main/java/org/alfresco/util/Triple.java
137	org.alfresco.util.Triple	equals(java.lang.Object)	34	[false]		public	false	/Users/nima/Developer/alfresco-community-repo/core/src/main/java/org/alfresco/util/Triple.java
138	org.alfresco.util.Triple	hashCode()	36	[]		public	false	/Users/nima/Developer/alfresco-community-repo/core/src/main/java/org/alfresco/util/Triple.java
139	org.alfresco.util.Triple	toString()	9	[]		public	true	/Users/nima/Developer/alfresco-community-repo/core/src/main/java/org/alfresco/util/Triple.java
140	org.alfresco.httpclient.HttpClient4Factory	createSSLContext(org.alfresco.httpclient.HttpClientConfig)	0	[false]		private	true	/Users/nima/Developer/alfresco-community-repo/core/src/main/java/org/alfresco/httpclient/HttpClient4Factory.java
141	org.alfresco.httpclient.HttpClient4Factory	createHttpClient(org.alfresco.httpclient.HttpClientConfig)	0	[false]		public	true	/Users/nima/Developer/alfresco-community-repo/core/src/main/java/org/alfresco/httpclient/HttpClient4Factory.java
142	org.alfresco.httpclient.HttpClient4Factory	createHttpClient(org.alfresco.httpclient.HttpClientConfig,org.apache.http.conn.HttpClientConnectionManager)	0	[false, false]		public	true	/Users/nima/Developer/alfresco-community-repo/core/src/main/java/org/alfresco/httpclient/HttpClient4Factory.java
143	org.alfresco.httpclient.HttpClient4Factory	getSslConnectionSocketFactory(org.alfresco.httpclient.HttpClientConfig)	0	[false]		private	true	/Users/nima/Developer/alfresco-community-repo/core/src/main/java/org/alfresco/httpclient/HttpClient4Factory.java
144	org.alfresco.httpclient.HttpClient4Factory	createPoolingConnectionManager(org.alfresco.httpclient.HttpClientConfig)	0	[false]		public	true	/Users/nima/Developer/alfresco-community-repo/core/src/main/java/org/alfresco/httpclient/HttpClient4Factory.java
145	org.alfresco.httpclient.HttpClientConfig	setProperties(java.util.Properties)	0	[false]		public	false	/Users/nima/Developer/alfresco-community-repo/core/src/main/java/org/alfresco/httpclient/HttpClientConfig.java
146	org.alfresco.httpclient.HttpClientConfig	setServiceName(java.lang.String)	0	[false]		public	false	/Users/nima/Developer/alfresco-community-repo/core/src/main/java/org/alfresco/httpclient/HttpClientConfig.java
147	org.alfresco.httpclient.HttpClientConfig	setSslEncryptionParameters(org.alfresco.encryption.ssl.SSLEncryptionParameters)	0	[false]		public	false	/Users/nima/Developer/alfresco-community-repo/core/src/main/java/org/alfresco/httpclient/HttpClientConfig.java
148	org.alfresco.httpclient.HttpClientConfig	setKeyResourceLoader(org.alfresco.encryption.KeyResourceLoader)	0	[false]		public	false	/Users/nima/Developer/alfresco-community-repo/core/src/main/java/org/alfresco/httpclient/HttpClientConfig.java
149	org.alfresco.httpclient.HttpClientConfig	getKeyStore()	0	[]		public	true	/Users/nima/Developer/alfresco-community-repo/core/src/main/java/org/alfresco/httpclient/HttpClientConfig.java
150	org.alfresco.httpclient.HttpClientConfig	getTrustStore()	0	[]		public	true	/Users/nima/Developer/alfresco-community-repo/core/src/main/java/org/alfresco/httpclient/HttpClientConfig.java
151	org.alfresco.httpclient.HttpClientConfig	init()	0	[]		public	false	/Users/nima/Developer/alfresco-community-repo/core/src/main/java/org/alfresco/httpclient/HttpClientConfig.java
152	org.alfresco.httpclient.HttpClientConfig	retrieveConfig(java.lang.String)	0	[false]		private	true	/Users/nima/Developer/alfresco-community-repo/core/src/main/java/org/alfresco/httpclient/HttpClientConfig.java
153	org.alfresco.httpclient.HttpClientConfig	checkUnsupportedProperties(java.util.Map)	0	[false]		private	false	/Users/nima/Developer/alfresco-community-repo/core/src/main/java/org/alfresco/httpclient/HttpClientConfig.java
154	org.alfresco.httpclient.HttpClientConfig	getIntegerProperty(org.alfresco.httpclient.HttpClientConfig.HttpClientPropertiesEnum)	0	[false]		private	true	/Users/nima/Developer/alfresco-community-repo/core/src/main/java/org/alfresco/httpclient/HttpClientConfig.java
155	org.alfresco.httpclient.HttpClientConfig	getBooleanProperty(org.alfresco.httpclient.HttpClientConfig.HttpClientPropertiesEnum)	0	[false]		private	true	/Users/nima/Developer/alfresco-community-repo/core/src/main/java/org/alfresco/httpclient/HttpClientConfig.java
156	org.alfresco.httpclient.HttpClientConfig	extractValueFromConfig(org.alfresco.httpclient.HttpClientConfig.HttpClientPropertiesEnum)	0	[false]		private	true	/Users/nima/Developer/alfresco-community-repo/core/src/main/java/org/alfresco/httpclient/HttpClientConfig.java
157	org.alfresco.httpclient.HttpClientConfig	getConnectionTimeout()	0	[]		public	true	/Users/nima/Developer/alfresco-community-repo/core/src/main/java/org/alfresco/httpclient/HttpClientConfig.java
158	org.alfresco.httpclient.HttpClientConfig	getSocketTimeout()	0	[]		public	true	/Users/nima/Developer/alfresco-community-repo/core/src/main/java/org/alfresco/httpclient/HttpClientConfig.java
159	org.alfresco.httpclient.HttpClientConfig	getConnectionRequestTimeout()	0	[]		public	true	/Users/nima/Developer/alfresco-community-repo/core/src/main/java/org/alfresco/httpclient/HttpClientConfig.java
160	org.alfresco.httpclient.HttpClientConfig	getMaxTotalConnections()	0	[]		public	true	/Users/nima/Developer/alfresco-community-repo/core/src/main/java/org/alfresco/httpclient/HttpClientConfig.java
161	org.alfresco.httpclient.HttpClientConfig	getMaxHostConnections()	0	[]		public	true	/Users/nima/Developer/alfresco-community-repo/core/src/main/java/org/alfresco/httpclient/HttpClientConfig.java
162	org.alfresco.httpclient.HttpClientConfig	isMTLSEnabled()	0	[]		public	true	/Users/nima/Developer/alfresco-community-repo/core/src/main/java/org/alfresco/httpclient/HttpClientConfig.java
163	org.alfresco.httpclient.HttpClientConfig	isHostnameVerificationDisabled()	0	[]		public	false	/Users/nima/Developer/alfresco-community-repo/core/src/main/java/org/alfresco/httpclient/HttpClientConfig.java
164	org.alfresco.httpclient.HttpClientConfig$HttpClientPropertiesEnum	HttpClientPropertiesEnum(java.lang.String,java.lang.Boolean)	0	[false, false]		private	false	/Users/nima/Developer/alfresco-community-repo/core/src/main/java/org/alfresco/httpclient/HttpClientConfig.java
165	org.alfresco.httpclient.HttpClientConfig$HttpClientPropertiesEnum	isPropertyNameSupported(java.lang.String)	0	[false]		public	false	/Users/nima/Developer/alfresco-community-repo/core/src/main/java/org/alfresco/httpclient/HttpClientConfig.java
166	org.alfresco.encryption.ssl.SSLEncryptionParameters	SSLEncryptionParameters()	0	[]		public	false	/Users/nima/Developer/alfresco-community-repo/core/src/main/java/org/alfresco/encryption/ssl/SSLEncryptionParameters.java
167	org.alfresco.encryption.ssl.SSLEncryptionParameters	SSLEncryptionParameters(org.alfresco.encryption.KeyStoreParameters,org.alfresco.encryption.KeyStoreParameters)	0	[false, false]		public	false	/Users/nima/Developer/alfresco-community-repo/core/src/main/java/org/alfresco/encryption/ssl/SSLEncryptionParameters.java
168	org.alfresco.encryption.ssl.SSLEncryptionParameters	getKeyStoreParameters()	0	[]		public	true	/Users/nima/Developer/alfresco-community-repo/core/src/main/java/org/alfresco/encryption/ssl/SSLEncryptionParameters.java
169	org.alfresco.encryption.ssl.SSLEncryptionParameters	getTrustStoreParameters()	0	[]		public	true	/Users/nima/Developer/alfresco-community-repo/core/src/main/java/org/alfresco/encryption/ssl/SSLEncryptionParameters.java
170	org.alfresco.encryption.ssl.SSLEncryptionParameters	setKeyStoreParameters(org.alfresco.encryption.KeyStoreParameters)	0	[false]		public	false	/Users/nima/Developer/alfresco-community-repo/core/src/main/java/org/alfresco/encryption/ssl/SSLEncryptionParameters.java
171	org.alfresco.encryption.ssl.SSLEncryptionParameters	setTrustStoreParameters(org.alfresco.encryption.KeyStoreParameters)	0	[false]		public	false	/Users/nima/Developer/alfresco-community-repo/core/src/main/java/org/alfresco/encryption/ssl/SSLEncryptionParameters.java
172	org.alfresco.encryption.KeyResourceLoader	getKeyStore(java.lang.String)	0	[false]		public	true	/Users/nima/Developer/alfresco-community-repo/core/src/main/java/org/alfresco/encryption/KeyResourceLoader.java
173	org.alfresco.encryption.KeyResourceLoader	loadKeyMetaData(java.lang.String)	0	[false]		public	true	/Users/nima/Developer/alfresco-community-repo/core/src/main/java/org/alfresco/encryption/KeyResourceLoader.java
174	org.alfresco.util.exec.RuntimeExec	RuntimeExec()	0	[]		public	false	/Users/nima/Developer/alfresco-community-repo/core/src/main/java/org/alfresco/util/exec/RuntimeExec.java
175	org.alfresco.util.exec.RuntimeExec	toString()	9	[]		public	true	/Users/nima/Developer/alfresco-community-repo/core/src/main/java/org/alfresco/util/exec/RuntimeExec.java
176	org.alfresco.util.exec.RuntimeExec	setCommand(java.lang.String[])	0	[false]		public	false	/Users/nima/Developer/alfresco-community-repo/core/src/main/java/org/alfresco/util/exec/RuntimeExec.java
177	org.alfresco.util.exec.RuntimeExec	setCharset(java.lang.String)	0	[false]		public	false	/Users/nima/Developer/alfresco-community-repo/core/src/main/java/org/alfresco/util/exec/RuntimeExec.java
178	org.alfresco.util.exec.RuntimeExec	setWaitForCompletion(boolean)	0	[false]		public	false	/Users/nima/Developer/alfresco-community-repo/core/src/main/java/org/alfresco/util/exec/RuntimeExec.java
179	org.alfresco.util.exec.RuntimeExec	setCommandsAndArguments(java.util.Map)	0	[false]		public	false	/Users/nima/Developer/alfresco-community-repo/core/src/main/java/org/alfresco/util/exec/RuntimeExec.java
180	org.alfresco.util.exec.RuntimeExec	setCommandMap(java.util.Map)	0	[false]		public	false	/Users/nima/Developer/alfresco-community-repo/core/src/main/java/org/alfresco/util/exec/RuntimeExec.java
181	org.alfresco.util.exec.RuntimeExec	setDefaultProperties(java.util.Map)	0	[false]		public	false	/Users/nima/Developer/alfresco-community-repo/core/src/main/java/org/alfresco/util/exec/RuntimeExec.java
182	org.alfresco.util.exec.RuntimeExec	setProcessProperties(java.util.Map)	0	[false]		public	false	/Users/nima/Developer/alfresco-community-repo/core/src/main/java/org/alfresco/util/exec/RuntimeExec.java
183	org.alfresco.util.exec.RuntimeExec	setProcessProperty(java.lang.String,java.lang.String)	0	[false, false]		public	false	/Users/nima/Developer/alfresco-community-repo/core/src/main/java/org/alfresco/util/exec/RuntimeExec.java
184	org.alfresco.util.exec.RuntimeExec	setProcessDirectory(java.lang.String)	0	[false]		public	false	/Users/nima/Developer/alfresco-community-repo/core/src/main/java/org/alfresco/util/exec/RuntimeExec.java
185	org.alfresco.util.exec.RuntimeExec	setErrorCodes(java.lang.String)	0	[false]		public	false	/Users/nima/Developer/alfresco-community-repo/core/src/main/java/org/alfresco/util/exec/RuntimeExec.java
186	org.alfresco.util.exec.RuntimeExec	execute()	0	[]		public	true	/Users/nima/Developer/alfresco-community-repo/core/src/main/java/org/alfresco/util/exec/RuntimeExec.java
187	org.alfresco.util.exec.RuntimeExec	execute(java.util.Map)	0	[false]		public	true	/Users/nima/Developer/alfresco-community-repo/core/src/main/java/org/alfresco/util/exec/RuntimeExec.java
188	org.alfresco.util.exec.RuntimeExec	execute(java.util.Map,long)	0	[false, false]		public	true	/Users/nima/Developer/alfresco-community-repo/core/src/main/java/org/alfresco/util/exec/RuntimeExec.java
189	org.alfresco.util.exec.RuntimeExec$1	run()	190	[]	java.lang.Override	public	false	/Users/nima/Developer/alfresco-community-repo/core/src/main/java/org/alfresco/util/exec/RuntimeExec.java
191	org.alfresco.util.exec.RuntimeExec	logFullEnvironmentDump(org.alfresco.util.exec.RuntimeExec.ExecutionResult)	0	[false]		private	false	/Users/nima/Developer/alfresco-community-repo/core/src/main/java/org/alfresco/util/exec/RuntimeExec.java
192	org.alfresco.util.exec.RuntimeExec	getCommand()	0	[]		public	true	/Users/nima/Developer/alfresco-community-repo/core/src/main/java/org/alfresco/util/exec/RuntimeExec.java
193	org.alfresco.util.exec.RuntimeExec	getCommand(java.util.Map)	0	[false]		public	true	/Users/nima/Developer/alfresco-community-repo/core/src/main/java/org/alfresco/util/exec/RuntimeExec.java
194	org.alfresco.util.exec.RuntimeExec$ExecutionResult	ExecutionResult(java.lang.Process,java.lang.String[],java.util.Set,int,java.lang.String,java.lang.String)	0	[false, false, false, false, false, false]		private	false	/Users/nima/Developer/alfresco-community-repo/core/src/main/java/org/alfresco/util/exec/RuntimeExec.java
195	org.alfresco.util.exec.RuntimeExec$ExecutionResult	toString()	9	[]	java.lang.Override	public	true	/Users/nima/Developer/alfresco-community-repo/core/src/main/java/org/alfresco/util/exec/RuntimeExec.java
196	org.alfresco.util.exec.RuntimeExec$ExecutionResult	appendCommand(java.lang.StringBuilder,java.lang.String[])	0	[false, false]		private	true	/Users/nima/Developer/alfresco-community-repo/core/src/main/java/org/alfresco/util/exec/RuntimeExec.java
197	org.alfresco.util.exec.RuntimeExec$ExecutionResult	killProcess()	0	[]		public	false	/Users/nima/Developer/alfresco-community-repo/core/src/main/java/org/alfresco/util/exec/RuntimeExec.java
198	org.alfresco.util.exec.RuntimeExec$ExecutionResult	isFailureCode(int)	0	[false]		private	false	/Users/nima/Developer/alfresco-community-repo/core/src/main/java/org/alfresco/util/exec/RuntimeExec.java
199	org.alfresco.util.exec.RuntimeExec$ExecutionResult	getSuccess()	0	[]		public	false	/Users/nima/Developer/alfresco-community-repo/core/src/main/java/org/alfresco/util/exec/RuntimeExec.java
200	org.alfresco.util.exec.RuntimeExec$ExecutionResult	getExitValue()	0	[]		public	false	/Users/nima/Developer/alfresco-community-repo/core/src/main/java/org/alfresco/util/exec/RuntimeExec.java
201	org.alfresco.util.exec.RuntimeExec$ExecutionResult	getStdOut()	0	[]		public	true	/Users/nima/Developer/alfresco-community-repo/core/src/main/java/org/alfresco/util/exec/RuntimeExec.java
202	org.alfresco.util.exec.RuntimeExec$ExecutionResult	getStdErr()	0	[]		public	true	/Users/nima/Developer/alfresco-community-repo/core/src/main/java/org/alfresco/util/exec/RuntimeExec.java
203	org.alfresco.util.exec.RuntimeExec$InputStreamReaderThread	InputStreamReaderThread(java.io.InputStream,java.nio.charset.Charset)	0	[false, false]		public	false	/Users/nima/Developer/alfresco-community-repo/core/src/main/java/org/alfresco/util/exec/RuntimeExec.java
204	org.alfresco.util.exec.RuntimeExec$InputStreamReaderThread	run()	205	[]		public	false	/Users/nima/Developer/alfresco-community-repo/core/src/main/java/org/alfresco/util/exec/RuntimeExec.java
206	org.alfresco.util.exec.RuntimeExec$InputStreamReaderThread	waitForCompletion()	0	[]		public	false	/Users/nima/Developer/alfresco-community-repo/core/src/main/java/org/alfresco/util/exec/RuntimeExec.java
207	org.alfresco.util.exec.RuntimeExec$InputStreamReaderThread	addToBuffer(java.lang.String)	0	[false]		public	false	/Users/nima/Developer/alfresco-community-repo/core/src/main/java/org/alfresco/util/exec/RuntimeExec.java
208	org.alfresco.util.exec.RuntimeExec$InputStreamReaderThread	isComplete()	0	[]		public	false	/Users/nima/Developer/alfresco-community-repo/core/src/main/java/org/alfresco/util/exec/RuntimeExec.java
209	org.alfresco.util.exec.RuntimeExec$InputStreamReaderThread	getBuffer()	0	[]		public	true	/Users/nima/Developer/alfresco-community-repo/core/src/main/java/org/alfresco/util/exec/RuntimeExec.java
210	org.alfresco.error.StackTraceUtil	buildStackTrace(java.lang.String,java.lang.StackTraceElement[],java.lang.StringBuilder,int)	0	[false, false, false, false]		public	false	/Users/nima/Developer/alfresco-community-repo/core/src/main/java/org/alfresco/error/StackTraceUtil.java
211	org.alfresco.encryption.KeysReport	KeysReport(java.util.List,java.util.List)	0	[false, false]		public	false	/Users/nima/Developer/alfresco-community-repo/core/src/main/java/org/alfresco/encryption/KeysReport.java
212	org.alfresco.encryption.KeysReport	getKeysChanged()	0	[]		public	true	/Users/nima/Developer/alfresco-community-repo/core/src/main/java/org/alfresco/encryption/KeysReport.java
213	org.alfresco.encryption.KeysReport	getKeysUnchanged()	0	[]		public	true	/Users/nima/Developer/alfresco-community-repo/core/src/main/java/org/alfresco/encryption/KeysReport.java
214	org.alfresco.util.exec.RuntimeExecBootstrapBean	RuntimeExecBootstrapBean()	0	[]		public	false	/Users/nima/Developer/alfresco-community-repo/core/src/main/java/org/alfresco/util/exec/RuntimeExecBootstrapBean.java
215	org.alfresco.util.exec.RuntimeExecBootstrapBean	setStartupCommands(java.util.List)	0	[false]		public	false	/Users/nima/Developer/alfresco-community-repo/core/src/main/java/org/alfresco/util/exec/RuntimeExecBootstrapBean.java
216	org.alfresco.util.exec.RuntimeExecBootstrapBean	setFailOnError(boolean)	0	[false]		public	false	/Users/nima/Developer/alfresco-community-repo/core/src/main/java/org/alfresco/util/exec/RuntimeExecBootstrapBean.java
217	org.alfresco.util.exec.RuntimeExecBootstrapBean	setKillProcessesOnShutdown(boolean)	0	[false]		public	false	/Users/nima/Developer/alfresco-community-repo/core/src/main/java/org/alfresco/util/exec/RuntimeExecBootstrapBean.java
218	org.alfresco.util.exec.RuntimeExecBootstrapBean	setDisabledAtStartUp(java.lang.String)	0	[false]		public	false	/Users/nima/Developer/alfresco-community-repo/core/src/main/java/org/alfresco/util/exec/RuntimeExecBootstrapBean.java
219	org.alfresco.util.exec.RuntimeExecBootstrapBean	setEnabled(java.lang.String)	0	[false]		public	false	/Users/nima/Developer/alfresco-community-repo/core/src/main/java/org/alfresco/util/exec/RuntimeExecBootstrapBean.java
220	org.alfresco.util.exec.RuntimeExecBootstrapBean	setEnabledFromBean(org.alfresco.util.bean.BooleanBean)	0	[false]		public	false	/Users/nima/Developer/alfresco-community-repo/core/src/main/java/org/alfresco/util/exec/RuntimeExecBootstrapBean.java
221	org.alfresco.util.exec.RuntimeExecBootstrapBean	onBootstrap(org.springframework.context.ApplicationEvent)	222	[false]	java.lang.Override	protected	false	/Users/nima/Developer/alfresco-community-repo/core/src/main/java/org/alfresco/util/exec/RuntimeExecBootstrapBean.java
223	org.alfresco.util.exec.RuntimeExecBootstrapBean$KillProcessShutdownThread	KillProcessShutdownThread()	0	[]		public	false	/Users/nima/Developer/alfresco-community-repo/core/src/main/java/org/alfresco/util/exec/RuntimeExecBootstrapBean.java
224	org.alfresco.util.exec.RuntimeExecBootstrapBean$KillProcessShutdownThread	run()	205	[]	java.lang.Override	public	false	/Users/nima/Developer/alfresco-community-repo/core/src/main/java/org/alfresco/util/exec/RuntimeExecBootstrapBean.java
225	org.alfresco.util.exec.RuntimeExecBootstrapBean	onShutdown(org.springframework.context.ApplicationEvent)	226	[false]	java.lang.Override	protected	false	/Users/nima/Developer/alfresco-community-repo/core/src/main/java/org/alfresco/util/exec/RuntimeExecBootstrapBean.java
227	org.alfresco.util.exec.RuntimeExecBootstrapBean	doShutdown()	0	[]		private	false	/Users/nima/Developer/alfresco-community-repo/core/src/main/java/org/alfresco/util/exec/RuntimeExecBootstrapBean.java
228	org.alfresco.util.bean.BooleanBean	isTrue()	0	[]		public	false	/Users/nima/Developer/alfresco-community-repo/core/src/main/java/org/alfresco/util/bean/BooleanBean.java
229	org.alfresco.encryption.MACUtils	MACUtils()	0	[]		public	false	/Users/nima/Developer/alfresco-community-repo/core/src/main/java/org/alfresco/encryption/MACUtils.java
230	org.alfresco.encryption.MACUtils	setKeyProvider(org.alfresco.encryption.KeyProvider)	0	[false]		public	false	/Users/nima/Developer/alfresco-community-repo/core/src/main/java/org/alfresco/encryption/MACUtils.java
231	org.alfresco.encryption.MACUtils	setMacAlgorithm(java.lang.String)	0	[false]		public	false	/Users/nima/Developer/alfresco-community-repo/core/src/main/java/org/alfresco/encryption/MACUtils.java
232	org.alfresco.encryption.MACUtils	getMac(java.lang.String)	0	[false]		protected	true	/Users/nima/Developer/alfresco-community-repo/core/src/main/java/org/alfresco/encryption/MACUtils.java
233	org.alfresco.encryption.MACUtils	longToByteArray(long)	0	[false]		protected	true	/Users/nima/Developer/alfresco-community-repo/core/src/main/java/org/alfresco/encryption/MACUtils.java
234	org.alfresco.encryption.MACUtils	generateMAC(java.lang.String,org.alfresco.encryption.MACUtils.MACInput)	0	[false, false]		public	true	/Users/nima/Developer/alfresco-community-repo/core/src/main/java/org/alfresco/encryption/MACUtils.java
235	org.alfresco.encryption.MACUtils	validateMAC(java.lang.String,byte[],org.alfresco.encryption.MACUtils.MACInput)	0	[false, false, false]		public	false	/Users/nima/Developer/alfresco-community-repo/core/src/main/java/org/alfresco/encryption/MACUtils.java
236	org.alfresco.encryption.MACUtils$MACInput	MACInput(byte[],long,java.lang.String)	0	[false, false, false]		public	false	/Users/nima/Developer/alfresco-community-repo/core/src/main/java/org/alfresco/encryption/MACUtils.java
237	org.alfresco.encryption.MACUtils$MACInput	getMessage()	0	[]		public	true	/Users/nima/Developer/alfresco-community-repo/core/src/main/java/org/alfresco/encryption/MACUtils.java
238	org.alfresco.encryption.MACUtils$MACInput	getTimestamp()	0	[]		public	false	/Users/nima/Developer/alfresco-community-repo/core/src/main/java/org/alfresco/encryption/MACUtils.java
239	org.alfresco.encryption.MACUtils$MACInput	getIpAddress()	0	[]		public	true	/Users/nima/Developer/alfresco-community-repo/core/src/main/java/org/alfresco/encryption/MACUtils.java
240	org.alfresco.encryption.MACUtils$MACInput	getMACInput()	0	[]		public	true	/Users/nima/Developer/alfresco-community-repo/core/src/main/java/org/alfresco/encryption/MACUtils.java
241	org.alfresco.encryption.MACUtils$MACInput	toString()	9	[]		public	true	/Users/nima/Developer/alfresco-community-repo/core/src/main/java/org/alfresco/encryption/MACUtils.java
242	org.alfresco.encryption.MACUtils$MessageInputStream	MessageInputStream(java.util.List)	0	[false]		public	false	/Users/nima/Developer/alfresco-community-repo/core/src/main/java/org/alfresco/encryption/MACUtils.java
243	org.alfresco.encryption.MACUtils$MessageInputStream	close()	244	[]	java.lang.Override	public	false	/Users/nima/Developer/alfresco-community-repo/core/src/main/java/org/alfresco/encryption/MACUtils.java
245	org.alfresco.encryption.MACUtils$MessageInputStream	read()	246	[]	java.lang.Override	public	false	/Users/nima/Developer/alfresco-community-repo/core/src/main/java/org/alfresco/encryption/MACUtils.java
247	org.alfresco.encryption.DefaultEncryptionUtils	DefaultEncryptionUtils()	0	[]		public	false	/Users/nima/Developer/alfresco-community-repo/core/src/main/java/org/alfresco/encryption/DefaultEncryptionUtils.java
248	org.alfresco.encryption.DefaultEncryptionUtils	getRemoteIP()	0	[]		public	true	/Users/nima/Developer/alfresco-community-repo/core/src/main/java/org/alfresco/encryption/DefaultEncryptionUtils.java
249	org.alfresco.encryption.DefaultEncryptionUtils	setRemoteIP(java.lang.String)	0	[false]		public	false	/Users/nima/Developer/alfresco-community-repo/core/src/main/java/org/alfresco/encryption/DefaultEncryptionUtils.java
250	org.alfresco.encryption.DefaultEncryptionUtils	getLocalIPAddress()	0	[]		protected	true	/Users/nima/Developer/alfresco-community-repo/core/src/main/java/org/alfresco/encryption/DefaultEncryptionUtils.java
251	org.alfresco.encryption.DefaultEncryptionUtils	setMessageTimeout(long)	0	[false]		public	false	/Users/nima/Developer/alfresco-community-repo/core/src/main/java/org/alfresco/encryption/DefaultEncryptionUtils.java
252	org.alfresco.encryption.DefaultEncryptionUtils	setEncryptor(org.alfresco.encryption.Encryptor)	0	[false]		public	false	/Users/nima/Developer/alfresco-community-repo/core/src/main/java/org/alfresco/encryption/DefaultEncryptionUtils.java
253	org.alfresco.encryption.DefaultEncryptionUtils	setMacUtils(org.alfresco.encryption.MACUtils)	0	[false]		public	false	/Users/nima/Developer/alfresco-community-repo/core/src/main/java/org/alfresco/encryption/DefaultEncryptionUtils.java
254	org.alfresco.encryption.DefaultEncryptionUtils	setRequestMac(org.apache.commons.httpclient.HttpMethod,byte[])	0	[false, false]		protected	false	/Users/nima/Developer/alfresco-community-repo/core/src/main/java/org/alfresco/encryption/DefaultEncryptionUtils.java
255	org.alfresco.encryption.DefaultEncryptionUtils	setMac(javax.servlet.http.HttpServletResponse,byte[])	0	[false, false]		protected	false	/Users/nima/Developer/alfresco-community-repo/core/src/main/java/org/alfresco/encryption/DefaultEncryptionUtils.java
256	org.alfresco.encryption.DefaultEncryptionUtils	getMac(javax.servlet.http.HttpServletRequest)	0	[false]		protected	true	/Users/nima/Developer/alfresco-community-repo/core/src/main/java/org/alfresco/encryption/DefaultEncryptionUtils.java
257	org.alfresco.encryption.DefaultEncryptionUtils	getResponseMac(org.apache.commons.httpclient.HttpMethod)	0	[false]		protected	true	/Users/nima/Developer/alfresco-community-repo/core/src/main/java/org/alfresco/encryption/DefaultEncryptionUtils.java
258	org.alfresco.encryption.DefaultEncryptionUtils	setRequestTimestamp(org.apache.commons.httpclient.HttpMethod,long)	0	[false, false]		protected	false	/Users/nima/Developer/alfresco-community-repo/core/src/main/java/org/alfresco/encryption/DefaultEncryptionUtils.java
259	org.alfresco.encryption.DefaultEncryptionUtils	setTimestamp(javax.servlet.http.HttpServletResponse,long)	0	[false, false]		protected	false	/Users/nima/Developer/alfresco-community-repo/core/src/main/java/org/alfresco/encryption/DefaultEncryptionUtils.java
260	org.alfresco.encryption.DefaultEncryptionUtils	getResponseTimestamp(org.apache.commons.httpclient.HttpMethod)	0	[false]		protected	true	/Users/nima/Developer/alfresco-community-repo/core/src/main/java/org/alfresco/encryption/DefaultEncryptionUtils.java
261	org.alfresco.encryption.DefaultEncryptionUtils	getTimestamp(javax.servlet.http.HttpServletRequest)	0	[false]		protected	true	/Users/nima/Developer/alfresco-community-repo/core/src/main/java/org/alfresco/encryption/DefaultEncryptionUtils.java
262	org.alfresco.encryption.DefaultEncryptionUtils	setRequestAlgorithmParameters(org.apache.commons.httpclient.HttpMethod,java.security.AlgorithmParameters)	263	[false, false]	java.lang.Override	public	false	/Users/nima/Developer/alfresco-community-repo/core/src/main/java/org/alfresco/encryption/DefaultEncryptionUtils.java
264	org.alfresco.encryption.DefaultEncryptionUtils	setAlgorithmParameters(javax.servlet.http.HttpServletResponse,java.security.AlgorithmParameters)	0	[false, false]		protected	false	/Users/nima/Developer/alfresco-community-repo/core/src/main/java/org/alfresco/encryption/DefaultEncryptionUtils.java
265	org.alfresco.encryption.DefaultEncryptionUtils	decodeAlgorithmParameters(org.apache.commons.httpclient.HttpMethod)	0	[false]		protected	true	/Users/nima/Developer/alfresco-community-repo/core/src/main/java/org/alfresco/encryption/DefaultEncryptionUtils.java
266	org.alfresco.encryption.DefaultEncryptionUtils	decodeAlgorithmParameters(javax.servlet.http.HttpServletRequest)	0	[false]		protected	true	/Users/nima/Developer/alfresco-community-repo/core/src/main/java/org/alfresco/encryption/DefaultEncryptionUtils.java
267	org.alfresco.encryption.DefaultEncryptionUtils	decryptResponseBody(org.apache.commons.httpclient.HttpMethod)	268	[false]	java.lang.Override	public	true	/Users/nima/Developer/alfresco-community-repo/core/src/main/java/org/alfresco/encryption/DefaultEncryptionUtils.java
269	org.alfresco.encryption.DefaultEncryptionUtils	decryptBody(javax.servlet.http.HttpServletRequest)	270	[false]	java.lang.Override	public	true	/Users/nima/Developer/alfresco-community-repo/core/src/main/java/org/alfresco/encryption/DefaultEncryptionUtils.java
271	org.alfresco.encryption.DefaultEncryptionUtils	authenticateResponse(org.apache.commons.httpclient.HttpMethod,java.lang.String,byte[])	272	[false, false, false]	java.lang.Override	public	false	/Users/nima/Developer/alfresco-community-repo/core/src/main/java/org/alfresco/encryption/DefaultEncryptionUtils.java
273	org.alfresco.encryption.DefaultEncryptionUtils	authenticate(javax.servlet.http.HttpServletRequest,byte[])	274	[false, false]	java.lang.Override	public	false	/Users/nima/Developer/alfresco-community-repo/core/src/main/java/org/alfresco/encryption/DefaultEncryptionUtils.java
275	org.alfresco.encryption.DefaultEncryptionUtils	setRequestAuthentication(org.apache.commons.httpclient.HttpMethod,byte[])	276	[false, false]	java.lang.Override	public	false	/Users/nima/Developer/alfresco-community-repo/core/src/main/java/org/alfresco/encryption/DefaultEncryptionUtils.java
277	org.alfresco.encryption.DefaultEncryptionUtils	setResponseAuthentication(javax.servlet.http.HttpServletRequest,javax.servlet.http.HttpServletResponse,byte[],java.security.AlgorithmParameters)	278	[false, false, false, false]	java.lang.Override	public	false	/Users/nima/Developer/alfresco-community-repo/core/src/main/java/org/alfresco/encryption/DefaultEncryptionUtils.java
279	org.alfresco.encryption.DefaultEncryptionUtils	authenticate(byte[],org.alfresco.encryption.MACUtils.MACInput)	0	[false, false]		protected	false	/Users/nima/Developer/alfresco-community-repo/core/src/main/java/org/alfresco/encryption/DefaultEncryptionUtils.java
280	org.alfresco.encryption.DefaultEncryptionUtils	validateTimestamp(long)	0	[false]		protected	false	/Users/nima/Developer/alfresco-community-repo/core/src/main/java/org/alfresco/encryption/DefaultEncryptionUtils.java
268	org.alfresco.encryption.EncryptionUtils	decryptResponseBody(org.apache.commons.httpclient.HttpMethod)	0	[false]		public	true	/Users/nima/Developer/alfresco-community-repo/core/src/main/java/org/alfresco/encryption/EncryptionUtils.java
270	org.alfresco.encryption.EncryptionUtils	decryptBody(javax.servlet.http.HttpServletRequest)	0	[false]		public	true	/Users/nima/Developer/alfresco-community-repo/core/src/main/java/org/alfresco/encryption/EncryptionUtils.java
272	org.alfresco.encryption.EncryptionUtils	authenticateResponse(org.apache.commons.httpclient.HttpMethod,java.lang.String,byte[])	0	[false, false, false]		public	false	/Users/nima/Developer/alfresco-community-repo/core/src/main/java/org/alfresco/encryption/EncryptionUtils.java
274	org.alfresco.encryption.EncryptionUtils	authenticate(javax.servlet.http.HttpServletRequest,byte[])	0	[false, false]		public	false	/Users/nima/Developer/alfresco-community-repo/core/src/main/java/org/alfresco/encryption/EncryptionUtils.java
276	org.alfresco.encryption.EncryptionUtils	setRequestAuthentication(org.apache.commons.httpclient.HttpMethod,byte[])	0	[false, false]		public	false	/Users/nima/Developer/alfresco-community-repo/core/src/main/java/org/alfresco/encryption/EncryptionUtils.java
278	org.alfresco.encryption.EncryptionUtils	setResponseAuthentication(javax.servlet.http.HttpServletRequest,javax.servlet.http.HttpServletResponse,byte[],java.security.AlgorithmParameters)	0	[false, false, false, false]		public	false	/Users/nima/Developer/alfresco-community-repo/core/src/main/java/org/alfresco/encryption/EncryptionUtils.java
263	org.alfresco.encryption.EncryptionUtils	setRequestAlgorithmParameters(org.apache.commons.httpclient.HttpMethod,java.security.AlgorithmParameters)	0	[false, false]		public	false	/Users/nima/Developer/alfresco-community-repo/core/src/main/java/org/alfresco/encryption/EncryptionUtils.java
281	org.alfresco.encryption.Encryptor	encrypt(java.lang.String,java.security.AlgorithmParameters,byte[])	0	[false, false, false]		public	true	/Users/nima/Developer/alfresco-community-repo/core/src/main/java/org/alfresco/encryption/Encryptor.java
282	org.alfresco.encryption.Encryptor	decrypt(java.lang.String,java.security.AlgorithmParameters,byte[])	0	[false, false, false]		public	true	/Users/nima/Developer/alfresco-community-repo/core/src/main/java/org/alfresco/encryption/Encryptor.java
283	org.alfresco.encryption.Encryptor	decrypt(java.lang.String,java.security.AlgorithmParameters,java.io.InputStream)	0	[false, false, false]		public	true	/Users/nima/Developer/alfresco-community-repo/core/src/main/java/org/alfresco/encryption/Encryptor.java
284	org.alfresco.encryption.Encryptor	encryptObject(java.lang.String,java.security.AlgorithmParameters,java.lang.Object)	0	[false, false, false]		public	true	/Users/nima/Developer/alfresco-community-repo/core/src/main/java/org/alfresco/encryption/Encryptor.java
285	org.alfresco.encryption.Encryptor	decryptObject(java.lang.String,java.security.AlgorithmParameters,byte[])	0	[false, false, false]		public	true	/Users/nima/Developer/alfresco-community-repo/core/src/main/java/org/alfresco/encryption/Encryptor.java
286	org.alfresco.encryption.Encryptor	sealObject(java.lang.String,java.security.AlgorithmParameters,java.io.Serializable)	0	[false, false, false]		public	true	/Users/nima/Developer/alfresco-community-repo/core/src/main/java/org/alfresco/encryption/Encryptor.java
287	org.alfresco.encryption.Encryptor	unsealObject(java.lang.String,java.io.Serializable)	0	[false, false]		public	true	/Users/nima/Developer/alfresco-community-repo/core/src/main/java/org/alfresco/encryption/Encryptor.java
288	org.alfresco.encryption.Encryptor	decodeAlgorithmParameters(byte[])	0	[false]		public	true	/Users/nima/Developer/alfresco-community-repo/core/src/main/java/org/alfresco/encryption/Encryptor.java
289	org.alfresco.encryption.Encryptor	keyAvailable(java.lang.String)	0	[false]		public	false	/Users/nima/Developer/alfresco-community-repo/core/src/main/java/org/alfresco/encryption/Encryptor.java
290	org.alfresco.encryption.KeyProvider	getKey(java.lang.String)	0	[false]		public	true	/Users/nima/Developer/alfresco-community-repo/core/src/main/java/org/alfresco/encryption/KeyProvider.java
291	org.alfresco.util.transaction.ConnectionPoolException	ConnectionPoolException(java.lang.String,java.lang.Object[],java.lang.Throwable)	0	[false, false, false]		public	false	/Users/nima/Developer/alfresco-community-repo/core/src/main/java/org/alfresco/util/transaction/ConnectionPoolException.java
292	org.alfresco.util.transaction.ConnectionPoolException	ConnectionPoolException(java.lang.String,java.lang.Object[])	0	[false, false]		public	false	/Users/nima/Developer/alfresco-community-repo/core/src/main/java/org/alfresco/util/transaction/ConnectionPoolException.java
293	org.alfresco.util.transaction.ConnectionPoolException	ConnectionPoolException(java.lang.String,java.lang.Throwable)	0	[false, false]		public	false	/Users/nima/Developer/alfresco-community-repo/core/src/main/java/org/alfresco/util/transaction/ConnectionPoolException.java
294	org.alfresco.util.transaction.ConnectionPoolException	ConnectionPoolException(java.lang.String)	0	[false]		public	false	/Users/nima/Developer/alfresco-community-repo/core/src/main/java/org/alfresco/util/transaction/ConnectionPoolException.java
295	org.alfresco.error.AlfrescoRuntimeException	create(java.lang.String,java.lang.Object[])	0	[false, false]		public	true	/Users/nima/Developer/alfresco-community-repo/core/src/main/java/org/alfresco/error/AlfrescoRuntimeException.java
296	org.alfresco.error.AlfrescoRuntimeException	create(java.lang.Throwable,java.lang.String,java.lang.Object[])	0	[false, false, false]		public	true	/Users/nima/Developer/alfresco-community-repo/core/src/main/java/org/alfresco/error/AlfrescoRuntimeException.java
297	org.alfresco.error.AlfrescoRuntimeException	makeRuntimeException(java.lang.Throwable,java.lang.String,java.lang.Object[])	0	[false, false, false]		public	true	/Users/nima/Developer/alfresco-community-repo/core/src/main/java/org/alfresco/error/AlfrescoRuntimeException.java
298	org.alfresco.error.AlfrescoRuntimeException	AlfrescoRuntimeException(java.lang.String)	0	[false]		public	false	/Users/nima/Developer/alfresco-community-repo/core/src/main/java/org/alfresco/error/AlfrescoRuntimeException.java
299	org.alfresco.error.AlfrescoRuntimeException	AlfrescoRuntimeException(java.lang.String,java.lang.Object[])	0	[false, false]		public	false	/Users/nima/Developer/alfresco-community-repo/core/src/main/java/org/alfresco/error/AlfrescoRuntimeException.java
300	org.alfresco.error.AlfrescoRuntimeException	AlfrescoRuntimeException(java.lang.String,java.lang.Throwable)	0	[false, false]		public	false	/Users/nima/Developer/alfresco-community-repo/core/src/main/java/org/alfresco/error/AlfrescoRuntimeException.java
301	org.alfresco.error.AlfrescoRuntimeException	AlfrescoRuntimeException(java.lang.String,java.lang.Object[],java.lang.Throwable)	0	[false, false, false]		public	false	/Users/nima/Developer/alfresco-community-repo/core/src/main/java/org/alfresco/error/AlfrescoRuntimeException.java
302	org.alfresco.error.AlfrescoRuntimeException	getMsgId()	0	[]		public	true	/Users/nima/Developer/alfresco-community-repo/core/src/main/java/org/alfresco/error/AlfrescoRuntimeException.java
303	org.alfresco.error.AlfrescoRuntimeException	getMsgParams()	0	[]		public	true	/Users/nima/Developer/alfresco-community-repo/core/src/main/java/org/alfresco/error/AlfrescoRuntimeException.java
304	org.alfresco.error.AlfrescoRuntimeException	getNumericalId()	0	[]		public	true	/Users/nima/Developer/alfresco-community-repo/core/src/main/java/org/alfresco/error/AlfrescoRuntimeException.java
305	org.alfresco.error.AlfrescoRuntimeException	resolveMessage(java.lang.String,java.lang.Object[])	0	[false, false]		private	true	/Users/nima/Developer/alfresco-community-repo/core/src/main/java/org/alfresco/error/AlfrescoRuntimeException.java
306	org.alfresco.error.AlfrescoRuntimeException	buildErrorLogNumber(java.lang.String)	0	[false]		private	true	/Users/nima/Developer/alfresco-community-repo/core/src/main/java/org/alfresco/error/AlfrescoRuntimeException.java
307	org.alfresco.error.AlfrescoRuntimeException	padInt(java.lang.StringBuilder,int,int)	0	[false, false, false]		private	false	/Users/nima/Developer/alfresco-community-repo/core/src/main/java/org/alfresco/error/AlfrescoRuntimeException.java
308	org.alfresco.error.AlfrescoRuntimeException	getRootCause()	0	[]		public	true	/Users/nima/Developer/alfresco-community-repo/core/src/main/java/org/alfresco/error/AlfrescoRuntimeException.java
309	org.alfresco.query.ListBackedPagingResults	ListBackedPagingResults(java.util.List)	0	[false]		public	false	/Users/nima/Developer/alfresco-community-repo/core/src/main/java/org/alfresco/query/ListBackedPagingResults.java
310	org.alfresco.query.ListBackedPagingResults	ListBackedPagingResults(java.util.List,boolean)	0	[false, false]		public	false	/Users/nima/Developer/alfresco-community-repo/core/src/main/java/org/alfresco/query/ListBackedPagingResults.java
311	org.alfresco.query.ListBackedPagingResults	ListBackedPagingResults(java.util.List,org.alfresco.query.PagingRequest)	0	[false, false]		public	false	/Users/nima/Developer/alfresco-community-repo/core/src/main/java/org/alfresco/query/ListBackedPagingResults.java
312	org.alfresco.query.ListBackedPagingResults	getPage()	23	[]		public	true	/Users/nima/Developer/alfresco-community-repo/core/src/main/java/org/alfresco/query/ListBackedPagingResults.java
313	org.alfresco.query.ListBackedPagingResults	hasMoreItems()	24	[]		public	false	/Users/nima/Developer/alfresco-community-repo/core/src/main/java/org/alfresco/query/ListBackedPagingResults.java
314	org.alfresco.query.ListBackedPagingResults	getTotalResultCount()	25	[]		public	true	/Users/nima/Developer/alfresco-community-repo/core/src/main/java/org/alfresco/query/ListBackedPagingResults.java
315	org.alfresco.query.ListBackedPagingResults	getQueryExecutionId()	26	[]		public	true	/Users/nima/Developer/alfresco-community-repo/core/src/main/java/org/alfresco/query/ListBackedPagingResults.java
316	org.alfresco.encryption.KeyMap	KeyMap()	0	[]		public	false	/Users/nima/Developer/alfresco-community-repo/core/src/main/java/org/alfresco/encryption/KeyMap.java
317	org.alfresco.encryption.KeyMap	KeyMap(java.util.Map)	0	[false]		public	false	/Users/nima/Developer/alfresco-community-repo/core/src/main/java/org/alfresco/encryption/KeyMap.java
318	org.alfresco.encryption.KeyMap	numKeys()	0	[]		public	false	/Users/nima/Developer/alfresco-community-repo/core/src/main/java/org/alfresco/encryption/KeyMap.java
319	org.alfresco.encryption.KeyMap	getKeyAliases()	0	[]		public	true	/Users/nima/Developer/alfresco-community-repo/core/src/main/java/org/alfresco/encryption/KeyMap.java
320	org.alfresco.encryption.KeyMap	getCachedKey(java.lang.String)	0	[false]		public	true	/Users/nima/Developer/alfresco-community-repo/core/src/main/java/org/alfresco/encryption/KeyMap.java
321	org.alfresco.encryption.KeyMap	getKey(java.lang.String)	0	[false]		public	true	/Users/nima/Developer/alfresco-community-repo/core/src/main/java/org/alfresco/encryption/KeyMap.java
322	org.alfresco.encryption.KeyMap	setKey(java.lang.String,java.security.Key)	0	[false, false]		public	false	/Users/nima/Developer/alfresco-community-repo/core/src/main/java/org/alfresco/encryption/KeyMap.java
323	org.alfresco.encryption.CachedKey	CachedKey(java.security.Key,java.lang.Long)	0	[false, false]		package	false	/Users/nima/Developer/alfresco-community-repo/core/src/main/java/org/alfresco/encryption/CachedKey.java
324	org.alfresco.encryption.CachedKey	CachedKey(java.security.Key)	0	[false]		public	false	/Users/nima/Developer/alfresco-community-repo/core/src/main/java/org/alfresco/encryption/CachedKey.java
325	org.alfresco.encryption.CachedKey	getKey()	0	[]		public	true	/Users/nima/Developer/alfresco-community-repo/core/src/main/java/org/alfresco/encryption/CachedKey.java
326	org.alfresco.encryption.CachedKey	getTimestamp()	0	[]		public	false	/Users/nima/Developer/alfresco-community-repo/core/src/main/java/org/alfresco/encryption/CachedKey.java
327	org.alfresco.util.MaxSizeMap	MaxSizeMap(int,boolean)	0	[false, false]		public	false	/Users/nima/Developer/alfresco-community-repo/core/src/main/java/org/alfresco/util/MaxSizeMap.java
328	org.alfresco.util.MaxSizeMap	removeEldestEntry(java.util.Map.Entry)	329	[false]	java.lang.Override	protected	false	/Users/nima/Developer/alfresco-community-repo/core/src/main/java/org/alfresco/util/MaxSizeMap.java
330	org.alfresco.util.CachingDateFormat	CachingDateFormat(java.lang.String,java.util.Locale)	0	[false, false]		private	false	/Users/nima/Developer/alfresco-community-repo/core/src/main/java/org/alfresco/util/CachingDateFormat.java
331	org.alfresco.util.CachingDateFormat	CachingDateFormat(java.lang.String)	0	[false]		private	false	/Users/nima/Developer/alfresco-community-repo/core/src/main/java/org/alfresco/util/CachingDateFormat.java
332	org.alfresco.util.CachingDateFormat	toString()	9	[]	java.lang.Override	public	true	/Users/nima/Developer/alfresco-community-repo/core/src/main/java/org/alfresco/util/CachingDateFormat.java
333	org.alfresco.util.CachingDateFormat	getDateFormat(int,java.util.Locale,boolean)	0	[false, false, false]		public	true	/Users/nima/Developer/alfresco-community-repo/core/src/main/java/org/alfresco/util/CachingDateFormat.java
334	org.alfresco.util.CachingDateFormat	getDateTimeFormat(int,int,java.util.Locale,boolean)	0	[false, false, false, false]		public	true	/Users/nima/Developer/alfresco-community-repo/core/src/main/java/org/alfresco/util/CachingDateFormat.java
335	org.alfresco.util.CachingDateFormat	getDateFormat(java.lang.String,boolean)	0	[false, false]		public	true	/Users/nima/Developer/alfresco-community-repo/core/src/main/java/org/alfresco/util/CachingDateFormat.java
336	org.alfresco.util.CachingDateFormat	getDateFormat()	0	[]		public	true	/Users/nima/Developer/alfresco-community-repo/core/src/main/java/org/alfresco/util/CachingDateFormat.java
337	org.alfresco.util.CachingDateFormat	getCmisSqlDatetimeFormat()	0	[]		public	true	/Users/nima/Developer/alfresco-community-repo/core/src/main/java/org/alfresco/util/CachingDateFormat.java
338	org.alfresco.util.CachingDateFormat	getSolrDatetimeFormatWithoutMsecs()	0	[]		public	true	/Users/nima/Developer/alfresco-community-repo/core/src/main/java/org/alfresco/util/CachingDateFormat.java
339	org.alfresco.util.CachingDateFormat	getSolrDatetimeFormat()	0	[]		public	true	/Users/nima/Developer/alfresco-community-repo/core/src/main/java/org/alfresco/util/CachingDateFormat.java
340	org.alfresco.util.CachingDateFormat	getDateOnlyFormat()	0	[]		public	true	/Users/nima/Developer/alfresco-community-repo/core/src/main/java/org/alfresco/util/CachingDateFormat.java
341	org.alfresco.util.CachingDateFormat	getTimeOnlyFormat()	0	[]		public	true	/Users/nima/Developer/alfresco-community-repo/core/src/main/java/org/alfresco/util/CachingDateFormat.java
342	org.alfresco.util.CachingDateFormat	parse(java.lang.String,java.text.ParsePosition)	343	[false, false]		public	true	/Users/nima/Developer/alfresco-community-repo/core/src/main/java/org/alfresco/util/CachingDateFormat.java
344	org.alfresco.util.CachingDateFormat	lenientParse(java.lang.String,int)	0	[false, false]		public	true	/Users/nima/Developer/alfresco-community-repo/core/src/main/java/org/alfresco/util/CachingDateFormat.java
345	org.alfresco.util.CachingDateFormat	getLenientFormatters()	0	[]		public	true	/Users/nima/Developer/alfresco-community-repo/core/src/main/java/org/alfresco/util/CachingDateFormat.java
346	org.alfresco.util.CachingDateFormat$StringAndResolution	getResolution()	0	[]		public	false	/Users/nima/Developer/alfresco-community-repo/core/src/main/java/org/alfresco/util/CachingDateFormat.java
347	org.alfresco.util.CachingDateFormat$StringAndResolution	setResolution(int)	0	[false]		public	false	/Users/nima/Developer/alfresco-community-repo/core/src/main/java/org/alfresco/util/CachingDateFormat.java
348	org.alfresco.util.CachingDateFormat$StringAndResolution	StringAndResolution(java.lang.String,int)	0	[false, false]		package	false	/Users/nima/Developer/alfresco-community-repo/core/src/main/java/org/alfresco/util/CachingDateFormat.java
349	org.alfresco.util.CachingDateFormat$SimpleDateFormatAndResolution	SimpleDateFormatAndResolution(java.text.SimpleDateFormat,int)	0	[false, false]		package	false	/Users/nima/Developer/alfresco-community-repo/core/src/main/java/org/alfresco/util/CachingDateFormat.java
350	org.alfresco.util.CachingDateFormat$SimpleDateFormatAndResolution	getSimpleDateFormat()	0	[]		public	true	/Users/nima/Developer/alfresco-community-repo/core/src/main/java/org/alfresco/util/CachingDateFormat.java
351	org.alfresco.util.CachingDateFormat$SimpleDateFormatAndResolution	getResolution()	0	[]		public	false	/Users/nima/Developer/alfresco-community-repo/core/src/main/java/org/alfresco/util/CachingDateFormat.java
352	org.alfresco.util.CachingDateFormat	newDateFormat(java.lang.String)	0	[false]		private	true	/Users/nima/Developer/alfresco-community-repo/core/src/main/java/org/alfresco/util/CachingDateFormat.java
353	org.alfresco.util.CachingDateFormat	newDateFormatWithLocale(java.lang.String,java.util.Locale)	0	[false, false]		private	true	/Users/nima/Developer/alfresco-community-repo/core/src/main/java/org/alfresco/util/CachingDateFormat.java
